-- MySQL dump 10.13  Distrib 5.6.23, for Win64 (x86_64)
--
-- Host: localhost    Database: akinator
-- ------------------------------------------------------
-- Server version	5.6.24-log

/*!40101 SET @OLD_CHARACTER_SET_CLIENT=@@CHARACTER_SET_CLIENT */;
/*!40101 SET @OLD_CHARACTER_SET_RESULTS=@@CHARACTER_SET_RESULTS */;
/*!40101 SET @OLD_COLLATION_CONNECTION=@@COLLATION_CONNECTION */;
/*!40101 SET NAMES utf8 */;
/*!40103 SET @OLD_TIME_ZONE=@@TIME_ZONE */;
/*!40103 SET TIME_ZONE='+00:00' */;
/*!40014 SET @OLD_UNIQUE_CHECKS=@@UNIQUE_CHECKS, UNIQUE_CHECKS=0 */;
/*!40014 SET @OLD_FOREIGN_KEY_CHECKS=@@FOREIGN_KEY_CHECKS, FOREIGN_KEY_CHECKS=0 */;
/*!40101 SET @OLD_SQL_MODE=@@SQL_MODE, SQL_MODE='NO_AUTO_VALUE_ON_ZERO' */;
/*!40111 SET @OLD_SQL_NOTES=@@SQL_NOTES, SQL_NOTES=0 */;

--
-- Table structure for table `answers`
--

DROP TABLE IF EXISTS `answers`;
/*!40101 SET @saved_cs_client     = @@character_set_client */;
/*!40101 SET character_set_client = utf8 */;
CREATE TABLE `answers` (
  `idCharacter` int(11) NOT NULL,
  `idQuestion` int(11) NOT NULL,
  `Answer` double NOT NULL,
  KEY `Character_idx` (`idCharacter`),
  KEY `Question_idx` (`idQuestion`),
  CONSTRAINT `Character` FOREIGN KEY (`idCharacter`) REFERENCES `characters` (`idCharacter`) ON DELETE CASCADE ON UPDATE NO ACTION,
  CONSTRAINT `Question` FOREIGN KEY (`idQuestion`) REFERENCES `questions` (`idquestions`) ON DELETE CASCADE ON UPDATE NO ACTION
) ENGINE=InnoDB DEFAULT CHARSET=utf8;
/*!40101 SET character_set_client = @saved_cs_client */;

--
-- Dumping data for table `answers`
--

LOCK TABLES `answers` WRITE;
/*!40000 ALTER TABLE `answers` DISABLE KEYS */;
INSERT INTO `answers` VALUES (1,17,1),(1,18,0),(1,19,0),(1,20,1),(1,21,0),(1,22,0),(1,23,0),(1,24,1),(1,25,0),(1,26,0),(1,27,1),(1,28,0),(1,29,0),(1,30,0),(1,31,0),(1,32,1),(1,33,0),(1,34,0),(1,35,0),(1,36,0),(1,37,0),(1,38,1),(1,39,0),(1,40,1),(1,41,0),(1,42,1),(1,43,0),(1,44,0),(1,45,0),(1,46,1),(1,47,0),(1,48,0),(1,49,0),(1,50,1),(1,51,0),(1,52,0),(1,53,0),(1,54,0),(1,55,0),(1,56,0),(1,57,0),(1,58,1),(1,59,0),(5,19,0),(5,20,1),(5,21,0),(5,45,1),(5,46,0),(5,42,1),(5,43,0),(5,44,0),(5,22,0),(5,23,0),(5,24,0),(5,25,0),(5,47,1),(5,48,0),(5,49,0),(5,50,0),(5,51,0),(5,38,1),(5,39,0),(5,40,0),(5,41,0),(5,17,1),(5,18,0),(5,26,0),(5,27,1),(5,28,0),(5,29,0),(5,30,0),(5,31,0),(5,34,1),(5,35,0),(5,36,0),(5,37,0),(5,32,0),(5,33,0),(5,52,1),(5,53,0),(5,54,0),(5,55,0),(5,56,0),(5,57,0),(5,58,0),(5,59,0),(6,19,0.5),(6,20,1),(6,21,0),(6,45,0),(6,46,0),(6,42,0),(6,43,1),(6,44,0),(6,22,1),(6,23,0),(6,24,0),(6,25,0),(6,47,0),(6,48,0),(6,49,0),(6,50,0),(6,51,1),(6,38,0.5),(6,39,0),(6,40,0),(6,41,0),(6,17,0),(6,18,0),(6,26,0),(6,27,0),(6,28,0),(6,29,1),(6,30,0),(6,31,0),(6,34,1),(6,35,0),(6,36,0),(6,37,0),(6,32,0),(6,33,0.5),(6,52,0),(6,53,0),(6,54,0),(6,55,1),(6,56,0),(6,57,0),(6,58,0),(6,59,0),(7,19,0),(7,20,1),(7,21,0),(7,45,0),(7,46,0),(7,42,1),(7,43,0),(7,44,0),(7,22,0),(7,23,0),(7,24,1),(7,25,0),(7,47,0),(7,48,0),(7,49,1),(7,50,0),(7,51,0),(7,38,1),(7,39,0),(7,40,0),(7,41,0),(7,17,1),(7,18,0),(7,26,0),(7,27,0),(7,28,0),(7,29,0),(7,30,1),(7,31,0),(7,34,0),(7,35,0),(7,36,1),(7,37,0),(7,32,1),(7,33,0),(7,52,0),(7,53,0),(7,54,0),(7,55,1),(7,56,0),(7,57,0),(7,58,0),(7,59,0),(8,19,0),(8,20,0),(8,21,0),(8,45,0),(8,46,0),(8,42,0),(8,43,0),(8,44,0),(8,22,0),(8,23,0),(8,24,0),(8,25,0),(8,47,0),(8,48,0),(8,49,0),(8,50,0),(8,51,0),(8,38,0),(8,39,0),(8,40,0),(8,41,0),(8,17,0),(8,18,0),(8,26,0),(8,27,0),(8,28,0),(8,29,0),(8,30,0),(8,31,0),(8,34,0),(8,35,0),(8,36,0),(8,37,0),(8,32,0),(8,33,0),(8,52,0),(8,53,0),(8,54,0),(8,55,0),(8,56,0),(8,57,0),(8,58,0),(8,59,0),(9,19,1),(9,20,0),(9,21,0),(9,45,0),(9,46,0),(9,42,1),(9,43,0),(9,44,0),(9,22,0),(9,23,0),(9,24,0),(9,25,0),(9,47,1),(9,48,0),(9,49,0),(9,50,0),(9,51,0),(9,38,1),(9,39,0),(9,40,0),(9,41,0),(9,17,1),(9,18,0),(9,26,0),(9,27,1),(9,28,0),(9,29,0),(9,30,0),(9,31,0),(9,34,1),(9,35,0),(9,36,0),(9,37,0),(9,32,0),(9,33,0),(9,52,1),(9,53,0),(9,54,0),(9,55,0),(9,56,0),(9,57,0),(9,58,0),(9,59,0),(10,19,0),(10,20,0),(10,21,0),(10,45,1),(10,46,0),(10,42,0),(10,43,1),(10,44,0),(10,22,0),(10,23,0),(10,24,0),(10,25,1),(10,47,0),(10,48,1),(10,49,0),(10,50,0),(10,51,0),(10,38,0),(10,39,0),(10,40,0),(10,41,1),(10,17,0),(10,18,0),(10,26,1),(10,27,0),(10,28,0),(10,29,0),(10,30,0),(10,31,0),(10,34,1),(10,35,0),(10,36,0),(10,37,0),(10,32,1),(10,33,0),(10,52,0),(10,53,0),(10,54,0),(10,55,1),(10,56,0),(10,57,0),(10,58,0),(10,59,0);
/*!40000 ALTER TABLE `answers` ENABLE KEYS */;
UNLOCK TABLES;

--
-- Table structure for table `categories`
--

DROP TABLE IF EXISTS `categories`;
/*!40101 SET @saved_cs_client     = @@character_set_client */;
/*!40101 SET character_set_client = utf8 */;
CREATE TABLE `categories` (
  `idcategories` int(11) NOT NULL AUTO_INCREMENT,
  `Categories` varchar(45) NOT NULL,
  `Active` tinyint(1) NOT NULL DEFAULT '1',
  PRIMARY KEY (`idcategories`)
) ENGINE=InnoDB AUTO_INCREMENT=14 DEFAULT CHARSET=utf8;
/*!40101 SET character_set_client = @saved_cs_client */;

--
-- Dumping data for table `categories`
--

LOCK TABLES `categories` WRITE;
/*!40000 ALTER TABLE `categories` DISABLE KEYS */;
INSERT INTO `categories` VALUES (1,'Gender',1),(2,'Age',1),(3,'Ethnicity',1),(4,'Hair Color',1),(5,'Place of Birth',1),(6,'Origin',1),(7,'Fighting Style',1),(8,'Company',1),(9,'Civil Status',1),(10,'Family',1),(11,'Power 1(Movement)',1),(12,'Power 2(Power up)',1),(13,'Physical Appearance',1);
/*!40000 ALTER TABLE `categories` ENABLE KEYS */;
UNLOCK TABLES;

--
-- Table structure for table `characters`
--

DROP TABLE IF EXISTS `characters`;
/*!40101 SET @saved_cs_client     = @@character_set_client */;
/*!40101 SET character_set_client = utf8 */;
CREATE TABLE `characters` (
  `idCharacter` int(11) NOT NULL AUTO_INCREMENT,
  `characterName` varchar(45) NOT NULL,
  `Image` longblob,
  `Active` tinyint(1) NOT NULL DEFAULT '1',
  PRIMARY KEY (`idCharacter`)
) ENGINE=InnoDB AUTO_INCREMENT=11 DEFAULT CHARSET=utf8;
/*!40101 SET character_set_client = @saved_cs_client */;

--
-- Dumping data for table `characters`
--

LOCK TABLES `characters` WRITE;
/*!40000 ALTER TABLE `characters` DISABLE KEYS */;
INSERT INTO `characters` VALUES (1,'Batman','\0JFIF\0\0`\0`\0\0\0C\0\n\n		\n\Z\'!%\".\"%()+,+\Z /3/*2\'*+*\0C\n	\n***************************************************\0T\"\0\0\0\0\0\0\0\0\0\0\0\0	\n\0\0\0\0}\0!1AQa\"q2#BR$3br	\n\Z%&\'()*456789:CDEFGHIJSTUVWXYZcdefghijstuvwxyz\0\0\0\0\0\0\0\0	\n\0\0\0w\0!1AQaq\"2B	#3Rbr\n$4%\Z&\'()*56789:CDEFGHIJSTUVWXYZcdefghijstuvwxyz\0\0\0?\0>(((((((((-煯RScRrL`Lh I`\"R;5W)zYHߠ>Zy6{</N;ў2[?	?g&ah6vә@x3b,?Ri(Ӟ5Y3%!]j>DźSر8E#T|E\0~h֛\Z=76\051¾@pqW~=m.v{F9I޵]k,u1q,u>EP0(\0(\0(\0(\0(\0(\0(åPh\0(\0(\0(\0(\0(\0(\0(\0(\0KJߨ{K.gZ1ՅxgAEPJKi(I%7v~YEǓ	\0wXN\ZӤ)ԭ6BD*0ms	Fc.\'6>O\rOoDb\n(\n(\n(\n(\n(\n(\n(:Q@E\06(((((((((?i	b,WQ|(\Z\ZiZЋ˒{q<:+d쳌ɣwk_\\iU\r(-?=Gɴr<g?\"e=z0*I\rBK@#p.m泹\Z9br9VPt\0I\0u\'/xVێ@\0~jڏ:V(߰&G|sϵy_NnEtw䓊K-×\Z.}בG -c t	<洓3OН%hMx:*enQ?4F\0㢵+3@(\0(\0(\0(\0(\0(\0(åPh\0(\0(\0(\0(\0(\0(\0(\0(EE<$(\0G+ȺAg^Mc)\\Oh$81ѽ\\u&<cj{axnwx-!na\"vlr\rgRN1]\r)EJJ/M;>C65RYdgi\ZI坉%4\r\'Ė^c8\"V7LeĖrG\\EF|\'=9}jd[h,K;L^M/oeq?z~ut*X\'bbIVf=yKu5]7Uo#:Gzgn>l1SN3kfcڷ)Κ¢f>tIՃOVl<^VHQE\0QE\0QE\0QE\0QE\0QE\0QE\0ҊJ(QE\0QE\0QE\0QE\0QE\0QE\0QE\0QE\0|JWÿ@KvH݆uu-<!c!ߟO\0|IbYI9\'޻?$8equ{Fծt=bR`\'pp}D4Z.f}`sfVփ=I]^]rPE;*c95^-㹷!y>v٥hWZrѴJԃiQY2?uJѻ3KQP_v^̰[¥TCzcƿh;@SHbxL2lWkK	˱;u?y~^6IAɩgQJ:\'X$f)VxԞpWuO.R&Gw$d}Q@Q@Q@Q@Q@Q@Q@(tEPEPEPEPEPEPE&G-\0&hbź\'\r潨i>P?S_=x*0fz/\0o|B,Z\\D09>\"ulֶA6HBk/5KǼne奕1?SUQE/C[\0OrW8,\"k_ON\rCIp}M5M^qiy2ֹSntүȬ>޻md(cR\0+/?izC4Z4-7^\\ h/kˈ\\1 T9:-Q]G)%Wp>ɡpX_K?lo\r;Ɛ	19a~+J(:PNY!`Uj𷎼Eˑ7)mԜ$xU\n@-1\0}L}H꿭=\"iz%ޕy\rݻEPEPEPEPEPJ((E\0QE\0QE\0QE\0QE&G\0-&ETu[\"5;-e~vm-0өտA@ۭJ6v2^Ws^]r}?|CgZ^ڄדʣ/@+&u}oSׯZ屟OA*PEPEPEPEPE((\0kh>)</x:qfSrg:m[m^~_;ߞ5(.UoOEnW煆{^%ޛw5g+,.U{iMwI)muխz|(MP3\\w(WƑ/N\ZͬdzdzFh((P:Q@\r(\0(\0(\0\"PjbK	G?NS@$Qꊣ%^;\0Cߛe᰺Sc>_^%ԍt0\0m-^~hx^!$Rb裏k\0(\0(\0(\0;‥\'߅u]Hy)*\0^\'E#K>pyu=_\Z*ncSÿu}ecHez[47Z!vo`?/жz\rwmNȃ+мIÚ578ʬ+&Otc+f(%hǣF8gNs\0S\r\0mE~U\0M[ɂȁ8,Ѽ\'~?\0痘v~U^z?=N6Z0F7@q0¨Srmn*̒<]8YWoƱ6LklcrSKN\'ԚD̪XD>UtT\nڞJ)]Z7(U:Ru]FAJclPŢ\05a-ۡEqe%m\Zf.fѩ6y\Zlz5J[I?Џ\n}sfB9i7ʜFtVvN9TI]eG#*H*H ^௏(K}Q\0lF%Qk]6qtxzɾ>Z-s*OMXφ<s&y{2w,؏w 	Y$AVW\nW\0u[gᖙs}s%k	=aGYN(s(\0pE\0(\n(\n(<㧌O\Z;EmĥrP$|w{ys^Iu}<i%3޾e*/t(\0(\0(\0(*X\0xkjan\0ZB\'\0Z+;V=y\06TUQGAT-xEH|$EL3}GoҾi[d$Lēs_IhwW\Zm#W#C+{˟\rd\")u\'5ʎ:*^Zӡ9H~zڋya9(1s]n>^BIg<o\r+o\\=lxU?Zq@n1	KHücֽS-\\xK(iV;ӭahFouCVJuտdOy=1Z}Z\\\"ӭt\\v5촱#*8?UHNTi|ODB[iXrݐ}n-嶝FIᕫ-BxO}	69>q^-|ZR͏hʡYa\"|LXA|QV/n4۷zv>פsQ@\nJ0*pTRU/N{됸`o\\#)J܉F<2YE#‚j?`~ޯ\"\0WrԶgUxCCpZ,Lb{j7\n2rmfŎ-}?,]3KY\'Cmv}*I+%chC\n(:Q@E\06(((\0wA=n8!k/ڱac(\0\ZQ@Q@S[(#i$c2M\064id	\Zv8\0wHu|e`}Bτ|\Z,eA-~\"/zEZ&~cH4յ\'үU+Z+0A{^&4c}l5kD\0TKCtVhSRQ+xWV[Zn6/#1^\'}u\\(h.Ou\Z夆)Ѥ\rPiN\'\ZV&=:ykcE3kH.D*ƧcjnGR6WREiPtp\"ĦRȯ$\r|O=;XgҴHlo8^}k2KMG-G~W\n\0K^)`YS.W}\Z\Z\ZE\0\0;Tw6BRAcSfj9O?Gԡ0Ρf_S}+\r>L{{*qp־KLrC\\7<1	vLfG\0ZWgV-6Jk[*zPX#D`d渪|5wX\0kN0gJ<DucW1uL^eՌ:\'S猘JڽYeǛf>(aEPJ((E\0QE\0QE[77z	ȯ\0j{3ƚ5g\0\0AEPEgNnu[7SGZZO}rdCQ^R]8f\0uޗDЭ]j#;HZꪒ%[AԬ.o(28?{qQ\\trܖ3_:-b&]d\"0jt$k6Z]3 \0qUr)\0|Ӷ,?@(0sѮK\0o̙h-IB? lc֖0C/]jG24-Y<Iu WAE\0av>~ AjVk]IG֣\Zݢ1Xњ2<A^@t(q*\0?lьt<GN>ؑ\0<4vuo\0Ԥ39+k+um\0E\r꽮Y[Z$na=\0y׭)<>準q_5mqz^{nm+&cK*ISR<nRU\'98u-2Jkkʲ#\ZRI3 n-VD9ۉ4 *67gVBHt#k\'N\r^LԿg[g~\"pv0\0k卢`ARTc?<=)8\ru@_2NTGJ)3ZEQ@(tEPEPExhߵ|]0r-\"տy]u5D>)q>bB=*x^\\9U?4uOGѮ\rgr8Q^iVmeor\nhYۭ}$-,8\0ZKg/^wy6}&3\'#zfmOؚ#[V!;RA3̲Fzu3KC~땶{\'2 ,?=EtVwڬRQ@ŤM<0F^yR5KY2B6oEm+xE݁tOxEzz(k4FYo-/$5w Ƞ48BstU54c5㲨,Ǡ֫iV$)<jŜS}hVf!\\,;p>1][T^9mu0Y[Z09\'%k>\\N#G(kuD0ܮPFK=Y>ң3	nzm\\x4$2+KT?#X\"֌=3Z5KDVȴ3\"s5݁g-Ŏax} 35[G}?_5rº=V)ToR+ :\\y/SMmr9՗[q_eq;(P:Q@\rB)$LZ\0L_5X_\r\Z-䔒qT/Ŀxz奐Eʹ\r͍s_\"|j캾jNE?,c;4;K<Iԍpf=\0&\nj:u2:zm¶z^>u\'l?F}:*O^iT0(\0`cڴlu@\Zn:i\0Ub[#;hDsUӴ{eO|qWkϾ!jjQZ|y==ִMEj<s9,<ExlL{{xH@#Ez(FpIn6[}R0ЊZt\\ixpn-}?>Wic}m\0@GnדROJSZ֝pnt2۱=%AxxJyu;Zgz`ut浩1nz4<?\Zw]Өv/xdsk-Ӡ㵷T\'x,#ˌ\0PBi\n0@l[0}EB>X>ɠHMŊ3X1V<?ۯy)aȷ\"V]`b8׭lcRPA#=j+mmkV(|\0WxRjBK=!;S\ZOa=NSvDJ,BҴ2\'O:	\0dsREj(q<wۺL-\Z\nވn-?RV<\0y#7Ԅ^p^\\3Wx:J|WR1+&h|Z\0EhdWEÃT2Vb<+k\ZVPV?\"0\Z3}Z~{NMj@SZf]o\0g]u(Ԛ|EtǶf#͉RLtܿ?\n<osQ7m8uI^ҳ,(\0pE\0ڣDX52fS$A$L2JPƑV&omٮ1x]|cǯHKL6\0:.)W2C@č\r9W{g!AngMz/5sݚΣiwLv\0W~blk`Urvq3MģձWG\rP X(2qG4A[{sc>=4(Oxeܹ>M\"[I]xCGmk#S?ZS;w%V\'>YeM\Z.Q>ue)هnֳJ0ڂkTַ>Ɲki#\'tg8VN{GztB~aQ4भ$vv,tTAt\'WL,Vwmryy8*M=Ъ繱K\Z45,ǰt\0\0;zVP\0\0E-RQL~X8׫JԮrl<~P\\H>Xj ~Q5JWPX̧J(\0WQè+!\\(繦&|ÑSQ]\\8T71o<WC$G8=EzHz3OqWvx#ꕼ	d1ʽqѽy73ؕk3V,}V4u\"#v?wwE2WM>mQhI(՚nMA	rkKyw)YWgp#\\g=eV<q2FEk~I^F<J?PiE&Ey_xíia*6x`?y(k-Ys&9V*GA\nIhRǖ&C֊\0袐|cj~7_̿ױκX¾+mݲs>\0v_-v2KV=è?5s}A	KX6_9z}?W[k:d$@\n~ _#[&gC%@8UVNXʚͲ{qs,]u\Zt`20/[d`9\0ՈɽֿiJ.nMȠ1?JO-A+\\_Bd?Ƨ[\rZUFcdc>ǁ4i4-`{bqD!A4S:~u`zTO+SE}U9Iu>V$QZ0ͽ\"`SݫNj?UΊjV(v,[ð0kƈ!VY(fF(N;WQ}C/Hc3\0瑞S__#pZڣR\r!zX.<M5sZCn\0JMݝ4_iieּŚay7/s굹TT$LQIUQx\nǃ^n\Z7BN\ZHfJ9ZjoQitVZ|=R}λN#<<֨N<\'_Yh=U(ωI!H>*r~ԧ\0?8[۝}mM~\"9sҶ/F9b^|\0gG֨\\i^0լR	?k6?n1Vt*Nz҇&8|O\01g%FЉUp\'5_qRU|/c\'tQEuUn?Z$$jdZBM=?NQcP#{}[dBomvY㏞:(}l5:\ZjKVVki,G}j%OP8Ƚq5rR^[[s$1(w8}kƕb8,>T35V	N:p<ˀI\0c{_+x_|Oj\\]NřE;T%Ě_Kk\nD|\0z̶᷈$,jrN+6Q~xnع/\0Q]Fj,tK+ED$`}\0ҊZ(hO\ZEF0(H$0AzuVUe! _(|}]5md2x\0djx,qNK%jzwkFQCYtC:|Y\ZeCz|_/~V-A8(GW\n1kקZky\Z9FSN+фi)%khx\nӝW}Odyx)>{/ʬ/9V=F5<v<8HK3~7-Q@70eS;f7I8SƴrQgf~(4*?\ZT5.u>oGFa\0[wo]\0	|4\0oks붏S<\0O*P1\n}c?CuO+G\ngs\\~S?S?3UڬۘiVleS=\\\0+ӭbTEQ+%A\'b41+]ݗi\"C#2?>fwGCќ·YisHߴ$}z7z]ER?]+\ZP;$baY~kЋΣ9[1N CQt$|-,\0=λ7U??_(Okw]?V_ls0+O \\*]R2JAw-[UMϖuaV(>@\\A]`W\0`\n|\rǮ4LJ|J=|^)E_&\\e!{Vm~jV]BQhǩ\0\n\"̹gi%y^;3]хщSQ/ck:S_`+Ux>kwVaUlo%\'W{[2x▔\"rv\0&HجF(t͢YcAՏ}?i^#HX|7:Z)GJ((*jWfMX_-zќ\n?+^{ݬhtb$lz3^\nʑ=E|7J/=oJ[xdymX9\0qի]{~Y~_ƲPt)MӚeV\nSW)_	/sA9Q\\xԗ^>jxd[.ewQ[HKܮ]NRtXtԏ\\J|-&},k\nҵ;W:T|6WN	EWiCQ\nYڋ~Gp+:7@&#\0YpI森?Cx^=Y6݃x[Յ堒!^kL-[0[qh3d>-ЂWÛxҼ[_5li_UFWO-G!s^3UQI:Y]cC5gTJsqjx={/Nns#gS\0?^縖G^Iu\0`HRwkz\\:F2j;28s7_-\0i_/\'\Z;2G<7\'#4N\0#O\'m_\"5FKx--AvϠ.\0GSU2ݰ\n__R\0hmV/\'e=Au#/ia}}rBxBg镦qtKAz&᧬B1zsS4/IFMMk5ΦC\ZKjӽɞcF5M7%|x:}Ks\0BO\n#\":u*sq2rEWya汼In,2#<L56GV5j~қ\nʢiZ֋{c&c?C^ubsζ\0i7E8+-\Z#ʟj_\'$E%%\'.亻RYl=r\\j\Z|9*rϊG1Pʷ^&ʽޛ|QT*Ujn%zkک߲aӚs\"U^#W9Up+M:JZKR$՘_UiU@\"P=q\\IxtҊ6(v|&o<:7.X9}X~0ů<+{1Hn2QE\0|EzO	}L$mxR{0JnfeĖ~ܿGo\'֨2H|?CWM\0G;Gi_m@FQyo5xn\0-.>ipT*M6\0\0`\nZ(>X(dI=\Zy3~]lZ+B6\\QlƲ*&Ej|*\\8xڟRR1QE\0QE\0QE\0#YO*r\rtײC^`0[b}&AHߒ`4:4pc9c>Sks\Z.XJ.Ryj((\0N+@%0pR3Hk*J3S]OjA]e3d1UFUI~\Zn9:IZ\05_jWPp\'xx\0txACW W|XtuﶙʀtAkҨҊJ(QE\0R˒3S˦࿉pYm9qؐG5t3:2M`\'-jb<?C½cUc;d\"-F?&r5:\\5᧚X\0#ⴼP1OY`\0|V#ֻe\Zبz3-x8O\\evzBsֹg_ehQEG\\kVf]AsA5gN7^}Yɞ(][8exw)3MSk)aS\\oֻ萳,j3+1j\nmY4j:Uq6A 85Nt{-jɭTa>ǵxws\Z[)O5\rXf(0(\0<Cp//Ւ3O}:uAY>UOy(\'5[[Cin[Fă\n0\0khNP+2c;s+\0yX\\rֱ3A\\kirLX}kȄ-k4r\0߇z꺸?S̩覽+<P@pԮC]c\\N1{yO_,\" OWo\0>fd\ZU29˚\Z/7~es?f<YV5ub#?9>],gŘ/oivo*l<\"ʹҖR1åPh\0(\0&x\0S*AqeW\n2?\Z\rA݁3Hf+2E}_?~nC#-s!\0(YV|V⺭F}05a/Ҹj2i\\\'_ZW?G&U!DnVE*Oh?]U兾l@v_5\\i+E2m z1Я\n땫>vgU=++*r)QԄn+aiԃIY֩j2b%Aizw@C~++ER4ziJ9d*K-q|ÏQ\ngzz6f,4k|arԞMy8(=,5r6FMtň\Zׯ4\nھ-bH9*%>sO<5=\'_DxpxF@eW7\Zeq剈e>V)2\n(N¥\nC6|#᩼K%\r!3\0u}>N1Q.EsxM-3FS\"[;Ł\"q|}zWV/_D<؈\0Vj:uh*Y)$_Gިjz0װX<ccJS\"-]ggA\\!i١`HPmI*^\':4GBo-Yn|\0fܛ˧)np*\n|q*($qʭJw:J?z*GE}&k$}\0^m9PdК6z%]XS]l#ss݅}C6#S,-gX{V0Z1N=;4/ҠE~Xu1\Z\0*Q@P:Q@\r(\0(\0txNUrw认=_ǓH5I?Ҁ>D(fർ0UZl{J\0Ms|bFS9T|(ysZCCn%lIg\"ՈlkAk!T\r(YbT0QzKO-4;:T3>ُsZ3J\05zvr;r\ZD|W\\,ZaW]yW^|oя,yVQBFM[\nubj\0WLsgF?^^skw\0[Pj(V{unW9ZNeglc`\'fS/?@OOr+\"QńN\\mˊ߮^^`P+=!h\0)-%!QX.+Tϝ\0e~usr[~m-^`o.Luku?x.?VN7Vӯ\0&H y\ZZyfJ娆Z7=ݏgO\Z4:QYhW0_-?ի*Zh0Kt\0\0Uw\0>]\\=K)cҲ\nxX%y>S\'ͤW@R9b}{T4Q^SnNݞJ*hjxcO}[źMD+^E\'XWI5_A/95?!_{iZ((tEPEP^R\\y~!3j1q?jˬXxv<\0\0tufm_?%\0slzι,ld5@\0o#{x)AGg)w_X\08@Z7YevJ?i4yt*{99y21XnYXl2GZԛ}j6횽do=yrEfsYbG\0[D^e8AƨVv\0~}Ƙ\0)(\'4ȤY*zP8ۢnZ+0\0w8>,o%dؿSyk%_WBryygM&6\\;Zq0lpit$5uս@Bnm7}Oq]ﱌWDZ(\0=)h2bsf2_NDO8|5(⋔e)ȸzg]_zNFq}تm8EP)λє\0\"J:*|re}\0l?*ǽw)\"Ab3\0k^`mwOKqo%%?\Z#y!EX[/fz\\ɫ!߇,{wWw|_3\"G+?ZM\ZM-GE:Q@E\06((].v\0w?V`_QWߴǝR80?M\0yCٲ/\0>6S2\r+`j֤3qݤXSuewYdSոXV~FX:$}Eo\n[cb,\0¸ө(&!92JO4\'J{k)9R~2b\"hnO\"TOG:ѩG?f;nǠ[u\0H}Mb\\>=<?a\r}8HW9iw\Zzu `WzbE\0jX#W_7ov	a\0\Z`|Ag2όGvg\"\0汻`!FU`q޵**]uUrv໒wp\Z52c_5׼2?]g\0ZKJWgmEVFE+f|-A?唞S]cC7ˈeUӓԗC:R<͛1kmgl}E]nğ+ՃuDGJ5ex8jQ\Zl;k3I\";p5YWeHc#\0kʭ+UZO3[Q,ְsbY.-,DV[;Bv\rXV}%#>[rz+G42c.Ỉ\0Ab\0TALpu\'>\0~sgQyݏA_KE8tҊ\0mQ@Q@N|c@^%]PFۄC	\"0OkӚGuؽ9`v\0J\0j5d2,Uj|Kt\\u`*io݂=<emG$\n7p27ZW\n0=_E\ZrKV|ԋ|#n\\1Pַ-!9956=]BL*b\'^Z7ǹGҭɤ\"\\{םϙ*+x^i6f떐?Zެ=٫NN(O#3\0FsI\n^qѠw8[돶kZrNvaEڣ[!oqjJ䦗Q0ٽ522V]X.LɲjV08bqy:u=_$vc#iGw >\ZuEnwAQR	QE\0%# t*!ҝHh|ͳ&x5El⹶XfGku},/\'A}ԣ_%{u9yڼz]?KXAԕFsi[w\'4jKcX}QGVf#F\ZyzpF,>U]\'J\\5c!%%)?CJ6_y%lX\0_Vgu-J3Z>jP\0㢸Q@P:Q@\r(\0(X\0k\\w5κ&\0_ȱ!|\09\\B+Pű\Z\0:Қ3;(«߶-XZҏV)+|Gdr\0Ck#۠kQMAZt=1ܚYz,3\rjW9QE%\0#}5S<JpghMyv1m;NSJ\nҌy$gZ\\ܻ``t(It.mh7j鰟/ጊSQ<?3\'-abߎ1^.6>3J\0q\r#Y:KnOl^IQ@%->;Y[RRX\']g8}2_Gt3\\}^Fg+VT?T?qRћ\\ԟ\Z}k\05vBO\rxoNu9\rk~W~!u\'\0EP1åPh\0(\0~3dCB\0Zp1_^~җfL\"=@c\0(sIV\0~Uwk{GUҜEǅPԏ(?\ZT5%?#vQSf~4]wڼH 8BvI\0\" xQJ\r8+tৣWE\\9)WX\0kܒWMsJb3h}wk\0i9kjއ>|}I(#B(\n\0\Z<Gb푟­_ڷ*5&=b$z\'fgNlcZUdZQE%\0Djqh̩@O96cZGw˩T$o돼:_C~c[NUMC@\0z=D%j𜔾4gV~K\05v@yR+\0rxu\0\">\r.>xu?q+=(ҊJ(QE\0QE\0|U,w?,pGkڋQ[i(%\0@+ĨGA!gVutVUчWTav/FuQE}a!ޠ̶`:EOHFFzM]XV˹yZ۴W|U̞\\ڔ<K!w\Z{Gl^Hmm$L3uhy&3¹ka;LI.3|2`Fz@)(v>xXĴߙR=xnBI\'/v[\"(zj<+<0(z?Ҳu%SֽͻjÜ~,Jk0yR:\Z׮cWFF5;t0# {W@-5Q(>Vtl=LPA8\0Qk^szީǫsj~\Z\n@G&?u/2Y֪Dų62rziJk!|&Q*x{vMO֏Sݟ5V1Ow2\Z77=b25}w5_$jN|ɗ5䞉QE:Q@E\06(ҊF h⯎\0o˭`1?(kkw:~ kתw,>>+\n	ڵ63	?]8Uz9Neu4QE}aaETqC1nd]N^Mn35XB0$؜ׅz}\rit!D3٘$:W?3^U*\'@kW97UTK5Ġu1Z@ߊEqцj;}>nXe`xO37s1P-Ixv&I()S ֵAv%O1\0z\r\n+ҍ(\'V*\n(0\n(\"F_QƖ6B0koź̘={\Zʤ9:(vd:66\'!21Oq^),	~x=+er+S<wsi.1q{\ZT}6KeXfOjѢ}CĒ3nvy+ѵuU6dҺ\n-yyI,clfe$\\g?r\Zn|<SaUdϪ_\ZJ^x\0=OUi&DG9h[H>2Wr`~1+Od޶nڢƴAX7\'ַ?׏>6A_WkwFcck\nKTΝB~H =#j((tEPY ];Ú6om$e&٩\r3.,绰Z\0~f%I@b`\r?aV\0.#^	^NLo$ttQE}QϾSVeD[<eo5[ۍHx=MsW5.grΓI0eA=v\0[gF).æY%<n{V}FxrI|ZϢnu\0qƕ:`\n=kJ\0z#W?U$bZʶ4)仂\'yhq׭7\0-[	샥v:ԾͣLD?B\0^_F3kY{4-Q^Q@Q@Q@o>eOa}\rlA{ Y,ΣAJ-OIIcle?Z{\'W+맸ьOHQIGj,c_8՝NM!}[[u~\nZ77_i۷pp!ҼhWR3/7G[\02O?Yv^wi\r1\"v<\0^]iZ-nkyOg_yjŸ9sl2^SJ[#/S|l^*cZgL}^	^/܈$@O9ԇ_ (t(tEP^#PF\Z}n>{u|T]{BҕK鹶EJ.?WIu\0lZ/߯ÎޢSGSQ\\Ͼ<kllpgz\0h =z%RA=s*>IB7bZw.v=Kh|ϩ-0;SSW	Q4M%eABrI?گRPh	E0kݪj$^;5ѷkgx8gӌEWy!EPEPEP\n¸|ۓ[q}+\r3Hh3\\hHG}<qSs}Mt,[^^1Y0 tU\0WAǶпwj}\"VV4oM{YDqЊѣ&Ӻf\Z&yl?=k9L,V̅v1^gkܣ__txa?߇Շ\0~ʹq^N+uKaLS,BQך1?NNƤאzgK@P:Q@\r(;Wƿ%1pG$~m_d\'ug9_JTCEP \nS\'^i}dߗ\0|?0HT3ZuW^\\<<2DhZpӴ|<;\0\"KxUN$u-\ZWGoe}E˳Jw{ݟPk\":7\\d5+#ڻ[PA޽o\"zWAmGfjn;@GpmFB\\؆1<ekokzC\\zYtQ3ޒ}Q^Q@Q@QHmb3kQs(\'9K\"Fv^~2V=L\nGyJ,S-sPN;\rBF2O\Z~ xtH\"p.w3TtMWSЩȧ+\0xQţ>׶Z4>RNѡ,i4M\\m*z{\Z{SQL螻A8ylO^;n%9ߙ\Z|&*ܣ{V\0*X[ccʵoI6ZᡸLaR\'^9	muYCg*Z>5oheg8tҊ\0mQ@^&WI~md\'M~~\0y,}OZ;ޫwV*H{s(QE\0Ɣ䫰#GݏO-_nb\0q4+WuZ.BPE{uaݪ#WFFUQz|ž+Zv0U}M?[)@D;k+>!k/z	2zPQ2,,dpH)itMN_OORZį,b/j +~bR`/.՗+#*(>l(\0(\0(\0ܨ57?`_duZo\"ipPؚ1gj175+mpmQu2OF~۫-dpFa_>xr_ C?£$Jv4٣o:c銆׾ԒB1?+CYTJmo^jD[fyF1גGkiems\'f@(cNQmǙhcj[5\0?<o!R}+=C\0zԾ9ko2ݿ.qW׃~\Zzƚ?f⦽恎(tEPA]I\r˫5q_0׵~\ZX)=\ZF$W (\0C\\mv:H\0ZryyvjCj}TG>}\Zʟ<J?\Z8s >cL3VGA)QPYD3	zWx[řd5\03ǘ?}̼-o9g,vUEz~DL\\rkt\"瘪NXcߵ=JI亻}V=,Rgcچ^\"Sϩڻ08nE%8w\n(S\n(\n(\n(:dzVEi[+eR\nq\Z61Skt@0I?}{\Z_]#Iq,÷r92N?\nY9t}-\nq9=Er!G^TqFrª*HRvMiv09cR `**}\ZVm|;?V.\0+d}SkLo\'\ntQEx{o컫Z6\05]|=sW\\}ϳ̊\Z<tҊ\0m!R7W	ik5ļ$H7Ŀuc^׮7e!:{_\rpkTmKX\\7՘(\0+4?ܮ?6\0Lz_/C\0RW\\ڿ\rXǵ{YAHE#uF}gWAޚ\nURrOJmlx~Ϻ|3ҥM՚ZC~5Ӵb叽`Vjos0+n>j~cU:l >n}M{V4O\rTt:jEc-WG{)(\0(\0(\0(\0[|>+ԭw`Jbg˕GUR\'^\"ry\r|+3蔔Е7QzFV]t1<C?i]yʜ_.s{߄ΠR^Lң5-n-+E!+T\0lVF\0c\0\0EWz/g{DH)\0JumP.I\0Z_c\"j~\"֒;6r#S(m.m{9$,e8$G\"p!iΙwe =\0ឺguy%Hr_xºzA1\r@>_x:A6òd9Iܕs)001KE(\0+ʸ5}n1kA{Z#4~Q-2PMdqxqq5Zڰ*ڬlR>\0vCUM3Oq-:\0u\ro\Zl7N1]Y^Gs[+\'37ޕ5ֽ,}gw<lTU(9(((((jA5~O2DkN\\L5HBuSVMt)kC}ϥ˚4Аk|BY|k%j-&\0)f\0\'zp=X~ֵejٮ\\g/\nQExZTk8/.#hr$WjV\ZL^uw4鞪f>A.j#mȧ$i1#FAFPT_17 lF[I;s\0O#kߏz=\\+nGlj&<(AEP\0>נD1G9q+\0W/xOҖWxsՇ0Y5Du_/)xotNbմCVK\0F3vF!^PdtqV TԀ\00;b	F).IIEUQE\n(\n(\0QE\0QE\0PFAQHfO+vN{\ZWec湫z\0\\ׅgwLb6]Of;\\2wU57uǸ?\'z1)xzej\0~?u++V}\\_ц!EWzEPܟu^4\r7#FVw!\0)y~WXb?ܑ+uVMs7n^vPsĜ~}6ʥfTRǓXZ.*PQEQE\0n#?w+Q}7{yVi~bR7>)ӟj^g)~&ٕvϯĻgaթ]ɍgNFP<ku\riqy+{+ye)͏AZᴋq-(.sڶ-_N?Q9ZFͫꕟ9+7$\0߻\ZnZ/cTs_NR^7#\"<{\0$\05?^\01_Q)Q^jFJ}_Q4!^\00}G^\0\n;ƾg\0o&x4\0\0i}{߀S@|mQi\0\0j7+?-.\0\Z^_Q)(o<4y?J_^8/8F\0ɪ.DuNs\Zԗ)7ueſPK`=)X/՗f>?}j1+Ԥ@r\ZujLs A/(:3QR6Vi)JӳN팍*-N~JJ8>cz+ejz3jE>+L\rC6((>\0\r\0\0LQHo\0\0Je&̲Xt-07,Qr;W7Y=D㪷GMJ<oB{Q^wyQ@e`IUR$OH5]SkZ鑞Gڦ\0ד|?R~#x|PЯ1[ӯRZS\nzuZrx䃫VOx	}d2Hm\01^^	I?Itعeb#RuKyӎ>ro-/۝6mlV0@3\\rk>iNxA1*!N\\ղ%KDX^f9$ơnJ(n\'5j1Vml6v>:tk#oz+ڌ=vraZ~>\"J;QE\0QE\0QE\0QE\0QE\0\'IQu\0RSJ\0-о?Ҿ3mީ\rA!#	\n2x؅RI_\0T_ķoE+Q@dlͲ\0A>x\0Et%]%8 KI8*s,4	Q{BOܔ}G?PkЍiWNRgSǯl4oZ\\Y̽R&b\nWunjDIk/3z4{OD!Np:狕Hrji4a.d+\n(>\0$7\0\02G!\0)|eiw-	=\rtnzOW-4A!d*ñ-/%psϡ(wE:}Mb9\"x%hRN4^[H9Suё8!5j\\fiF>ДQE`ntF~%xE\0\nϽ|!62*#ր2GZxk÷ X˜dxSxZbf;*\0\nhxn|!J<15SW\'XXb;;H.޵h:E?:uNZ0J*Qc\\V4V5{z8Q*;IL7*\rC@$漙NRݞb?B􋏶hW9ϛo5z&ޅ1䵔|TQE\0QE\0QE\0QE\0QE\0QE\0QE\0dx7zx-$qq_\0M!y$?yؓ}ZcȧZ?|,:P!h\0J|1Oky˞E5TJ󤱜2kZ3uc-ϼxRU 4hrO^7UMd$ZxG]Fsm[H_u~̓xwóD)VSAQN\'NvM\Zn|EV&Tu6BQQƛmQժiAȀm9#SqՑ+쏴>G][ch\0\0!\0)ZVV>aW9WS9Z6//QF<oQiWQ=\0/ku+>疨\rv1`[YİV_OҵXu|\0K2v\\IՆdO+2G̉K\0r:U8E4$.cU`ZR2j/@簗k5RCpA)×mJ3P,l\0}w	5)C\\:mj畽\05gu|-{jRil3oIxZTnbyn?,7:s^VF\'cUhHQ`3BM!66\"A2ye7ʙeEiڵFQ?UPpyU\Z]\n-Oyl%^]=3fˁjݵmK/d^aU;+sσ7#u[r]y<τa\0\0\ZP\0kV\rY;ERQE\0QE\0QE\0QE\0QE\0QEf$| 	¾ >.ĳ|(ב}?B9Dn2tzTgR-ƥhSiHiWvsǹ?޳9AHI^,(hCaH>zVϊ5^vz4c,hCl+SN֦9Ǜw¼jASgSIeΣ$N,V5rԤcER7[lv=2NbB۵fnȶ>\0$7\0\02Ob[M4ӳ\Zi+A5&_2b\n~ǅW+uP}R(69W^#;75;Ǭ,?Da~RWdJu;+/6?Z$9I 10ߏj\0tTtW}ȍx.m>ZxvyT\r=(v88*qr\ZBC\\M٘WMjE\\if=X\'4vdiIO	*EGSP.v: *kY.Xu>	neom?xJʕ)b%7JH-DDLa xWe*-͵Y8Ȼ%CTr^|\ZHWYmk+9}*(U\0\0um{D\'Tݜ\nZ7)u,K\ZS\0$SErVV\n(Q@Q@Q@Q@Q@P?/I|-hc!1gopq_7k<gFdc}Ǻ\Z=ZueM&s#᫫k[I\'-$z%dCu`?.W۞.fM5erG^$U_)ڿt#|{I7V!rT)|5#x1/PsJP\']*ѪXy_ljXV͏&.ϖvritcҥ(EqF+kH2ƫRW\'}G*Gͷ}bNI4t1~**\'6	dؘȩ҈vUWxoiT6-;(a@5Y~ʚTd^M!#M3\0$7\0\02]_/g	h\ZdImicLAsH\Z(j6Ө|ѣ3P6ɸkH1/U(͏|j閒Mo	D.N2A+{7gx䓹9ŧjKM*KaC,T8\'Jy/rkFHwcJG6ַ	M3ɗy?kӏi\0?!]?P~7*/\0\0E\05bGhY:I>p4Wb20b#תX%!\0e۠si\rx5C%|V6u5|ۤѤqFQ`(\0#=pnH UPF\0>+=\0(\0L\0QE\0QE\0QE\0Q3@Q@Q@Q@	X\']3X \rve=lM];5}YKc#mzqNOomۅ/}:.Zuk2daXM[J̾E1?Zh%TpVI>zZ3ş:]	qj3ታU<pJ]C#ݎ?F{4/FpsXkĽARS]2|=񓝫}Px1[I5ZOFz{2_rߥO.=?RԺ|5Lmٔ\"TB5+%׀</6y\r\\D*Up35Գ*Oq',1),(5,'Superman','\0JFIF\0\0\0\0\0\0\0\0	( %!1!%)+...683,7(-.+\n\n\n\r,$&,,,/2,,/,4//,,,,,,,,,,,,,,,,,,,,,,-,,,,,,,,,,,,,,,\0\0\0\"\0\0\0\0\0\0\0\0\0\0\0\0\0\0\0\0\0I\0\0\0\0!1A\"Qaq2BR#b3Cr$Ss4Tc\0\0\0\0\0\0\0\0\0\0\0\0\0\02\0\0\0\0\0\0!1A\"Qqa2#B3R\0\0\0?\0iR֣ҥPL%⫙%y]\"rBFu\Z3]\r6#YHlR\rm;V\ZLwj~3:?ңiV9Qd~cAp! X؆Y\\ht!VEVǵm>b٤aT*$!Tf5 71b\")c\Z5sJ՚U2ZJ^*VmJY!ͫ4dҥTL\n*ͪd[ZVB V֬U*ڕQcUq\rY񩵳#Y.3ņSr-mi͈K/^!Xfv64(F\\0i,g.\"YG\Z!p}AD\r5,_,Hp\\si;\nm(\n^!/-a܉D.yT\n[yfEdzKұ&>\Z~Z׊.AT.\Z\Zx~4u0\"|@>7b$k%JJ9:vV;wb%B@i;\nuUrBpCQ$9	;\\,nG\"V`ͥ;X؉VʮTbʊH-.㝻WXfP1VD{Y1$.:nzrkWEOxN%R.\r.yApؐ\ZB7:\\J^*upL<,3ƹYm.BE3ai:l1P.Ǵ\ruB/[6\"BtA&tdVk9f{xiD=tJ\Z6ru}w뮢S죍e$fHPWb$\nO7­Q\'fvjqb%!C;5puf*Tb@[nlo1]$b-s$wG/Uڙqr3i#ۦSqTFqYq\n40DJZ%iA*XѮUGcqjсJ\\{\rfH	&Uj)3\0VmY+UՐlld\njU*鑇݄r,o7[5֠xvLl9Ň}m,ӭSe]k\'\"Pd+ĮmLp!k4^/mwxU!TN{f?Qκ\\#+O>BĪrIΤTkcbILRE=纓 |,`XeoS}.nx}|9,E\0$PIe&-{a11e$@EfuQ`=H;ڬt1qxY$4Bݤ\0Vÿ9.F[\"qt{<kTs!CV<7Ѽyuy![[@[BN{}?1Nx%Fȳh\0\0) 0P*ŘV[/\Zꪧجx8\0`<zN4h=^q\\\nưe6#P;ǨւDYzj%hXu*Q馦\ZFLȍrsG_b-LW&-MHҰdi:+T[|k,!\niau\rYU|1=\0\0n!Mԋq30ҡee\"4ޣ꭮=qe[Blm\n;xUڳGO}^A-hFTxک>;^0y!J4S(ZLZhM\"\r,rQ\0ڍ9_{	Ta{}V?fdd+@\0ce]Da`@^Pꮺ(e=bZ6MmYڲLd\nT^VԪ28PI$\n= 8y`U+fr8(mh:s<@B\\)0ب*cMl\nR`LQZQ}!Ky-s;3lF^E,Mvx:\'ps=mEi`Z#sL]Z<hXYcyu	e-W/B%Ӫk_*ڂ,B0<(\ZeaqOpM\na%.Q}Jh\Zzۃ#±c7HfX[FKuh/Xt#WxdCچ\n$IR1,`NS>qsU$(će\'[9>6L\\RȀ]q\0.`;܍-VOCAas\nUşs74W\'8JcCS\\.	/</jC似ͅ`\n+0	A}xoY+͈Y\'4K]X\\E4|6:K:5p؎-r2Ȳ&Q J MyslZ%EHjߤ\"K(=ֽJ%q)n}JJF|pG)#yoR&_ܪf?668Fb@wO%ZG?I\0\'YY\0`U[K/SMab^ŞYUnWͮ6%CV۩ o\\(2C!\nt=v#LRJ^aà:^1՟*=zWȫ\0\'u@NQHo 3\\6B*r|J+*P|XkoIĂ.7bX6YT@m*TY\r4ߕ@zG\Z<BJɇ,ݥArD@f,,\ZU*f@C\"`4 pvlT%#l؆-BUY$@IH)?Zځ\n4¸-U`W/Y9N@OդU\nQp͛1TՕԱ-΄1ȏT=TZ*y|Nչv&bTz2eLjRk{*.9NձlXk^V\nrdm-G	\Zk7dES:00yvy,PXZǶuCk\Z!8CA2UO\\\Z7Y=L2Xoy|<%UqnaeXH9]M+B%IpePMNV˱˱\Z֌ \rn>&6% ̧+Z֐A7\ZA>ף2XLdL	6uŰ9pu$x\\\Zv)V|P+ Vm[V̜VFYJ&?#POis\r\n3WWg#>SfEa`Ձjt!\'O<#h@:ٺFJbd֠p<3f^\no[X_MQp²JnB$φeL2Ƞ+\0vA/_\rA(Ҵ@9T\ZF1S<h0kMOa#f#Kw^%ױ=rNEqSFaEEfق-bn77W\087dm`\0SQlD(J9oDd6%\rv2^ßZ#ORҨ<Ѱ3p\"ftuU#2&Mp6{Wûu7Sfx-K6U\"6#`^N,,KXsy_@k_n@.-4Q;buSM}\"r9lϸ_H)b̲n|T,HlcjKh[\r ˇوj`.5%C{oӚ(IOtJSz/,2dnXTD<d+~W:U	3{Vh?(\0P,)WK+0!um\"RWR:$BUV5HCXL(%ΪK@T[\nXđF[aھn\nd0و0\rƱ2a$Ǟ\"*F@2!myGWGnKar8|W$X}7\ZXi\Zv#odrΒD5r:[>VkhOkcV9*\"gNױ\ZqH:`K]Fkx41}d\Z~\'|FsA!%\\DvG/`nIǄN3[E?H44p NɱV<T+}Fy_ܰV	Y25)BF_gE[X,(>z\Zx0\Z\r4[RgihT[I/2^.rVmjәZq\"T(\"ZF:{jrDiUY	uPIs0ʿXI}89gt]\0Qr`7J\nx$AX˜bDP̎]B5/N.	>,1Ë3ʻ܀-`.N6|\ZԸ)X\0\0_.lV3aMYl2%İE\0HGUCh\Z[ޢ/ƎR LYIK\0\0YI$.mUﴸ\\<RH%Wt`5)R`|jwGE]I^;ܝoot8,7% 򱾻HU\'_A]y)Lȿld;(h})6\\[{N2x!nDCq{x忭2?f%/)#(& =ZNzhH<ӎ/f.,*@P\"7-e6%ܣָ=fS(Sn+M1`fyIRB.(\0;V6\'Y\';;՝1$i=HEuA}m6YnCiT!KRf՛T3:*,GG\\libfKHGs8\n\ZUQ.,Ht<BDJtڳjMi$yMNen5D7uصe)\Z{.\ZHǪGK2R>w ?n*vqǞ{aLk*XPY$Eu$beZQbuHAӑ8|A\rw#PCc@ܠ*P/0sHB);\Zy~-U*Kff*A8vBs\"叀i=Qe^k\n\'D24Tϡ8|(n͝v?!a\03aEP1XT02a0\"LùMi,ɯER<Guy52V\0lX\0mXtcBf`-kN:`b=71*dGH [ȏF/($X:FK\'\0YT4\rdgV@#^޸jxS)$	怭پ(KE<HHȬ\'XTO\n؝\nQ0*lr˙\0u\0v\03ەg\\63\0VPH;l[3(Įm1-VVړtsNn38fW\0e,ne}?vx\r5\n,lQ <N֮N&uC7+[YԻO8A~2XH<M40hdmS 8JEQhơ-v]34ABĿ{o%&5ثѸ7YR|7Tvk?{pMGVO8yX]\ne{Y KUQ]cosm9㉳clMrFQݠ܍ƻI&I31#mo(`-vg(#VFxYA9[ :/6>\'5*TUEVmY#-Qq\Z	u,lfТس(,H1ϥt;]@w(`@|WWW-NJ=hH/F]V}(obžøQoG`}-Y<L#H2\0I-| c)xGj^n~yX\\\\~uvIx>M\"0{>	q8}\r$3~чOКWWcd}.÷Gj:L짪W\'	\Z\'<9ZOT+_5F`#E3|PK#\\K$x}B#u]\"s¯^<$,qɢȌf[OknElN01쪫2.ӎ\'_角 r	knFL|tr}p_8aIWZoktQpK\0\rIő&GYĮc+cX12p\"t\"D\'H#uV(TAq$Fe+Vo.Y7O`&?6	X,LWe%_	:L$U6BNk}I/НE7z:frV\\t\02k[y1x~\0.,[F<3NBN/$/ZQwF\Zy<h@\\?~̑Ȑul&KS0\nA\rn\08ಥ|-[	dIbĜf6*sջp<J-^a%#xwSs`(7H1*nUAf\0ؐcx\\8o\\Dk,,\nOSm4,8cb.9w5Ck;Mqཱʪl[g\0uje\n͔v@gUaki}.Inl{HC~{}a,,	\Z~؃N,xKX>pX\0FAu,4\'ݰ#gEW=Pb3۸)U@ȀwY൮G;Qf|]^y(6_V|kLN$\0lYEeA6H05OA?\ZȒ+r@_P5>WPʕ<\0h7ُTzJ,h3,IUU_y*N\\KȑVo4fX/nVfj\"\" &J\"v׹c4]2f2;xph3pv#6Q=Ims\'E@\Zz3FJ9r;#fb|2\"ͯƊG+*\\\'ɽ	s{f</Oe\nxcP	XGʕ+m?uaTؗc>xÈUGe};{͠ˮ,F uUW^V^`V-Kaô13iɖP:ra4ֹ?Gx[:r$dE3H>\ZzGPٍJ+޺d7~\0(R\\3e6m&npJQfd7)a|.=h$q:eV*;psnú8#db2F4J/oq0+A Mn&unlsTq;/lS{#$.$!ؕS7 h:6(SGcoHgEx\0\00]tO[XB00v5\rT1(I|{)FVjQ(0I![;o֪JR4OT,ǡqqx}KgF5)2.yfb2Lo8q}m0)01\0oJ0h\0A[4\\ܠs](0ўeʳ^@ڊzfG<GOZ9abs\n`X(ܟCxZ43x5Aϙjj1I1V8L=![|\0Hq[`R\05v#\n-;\0ނ\ZIC._XI\\t<%.5C}yX\n	Wjuj\rחvNޖOJ~y^\"-<iRJJ*=Q/lTEVnױYXuYGw\\IJ-1RU#XA6,K1UY]$cu4xiUˈUT\\EBmW<!{=Rx+^!g;Baum\0$^:M01hG[cbǳ[\rφqn1OySkkhP9$Ir(¨\n[j<΀<BqېUIӊ@Z9kN\',:ku\"X\0VoG2Jk6Kq3ԅ\Zx,jÕYTث3f];ΫVݬ4ߺ,kfhwܔ\ZJqd<,YEflGu1zy4\08DRIFϸWL&3S&@VwG>dv1<?ּ߉Dk^*}S|,:5vx۱^:5ɹ$;/ qOuꍾ&\0nt\nKj9#KP>$dJ&s.9#BwҬ4 AcEAZ\Zk|9\'/njŌ(by6\'}B>U96/HzTJOwz:};c#C*C+i困vav;QnSP.&I#|(vK~\\nGyo^MI%3Y[n<a.,4h8zɯ\0B0`ZœC=z_SM?S)`gI8#\\g%X8\'1(넀#^G:8%$;kE_Zoż\no`\\cb9!bYؒI;u&J1\\6GNekkZGݿ¥t?Rc ]\rwcO9\0[(\ZmZY9	IRw4qfyz2ARٚiXΖEfEq9ٙ1ՉH_<*;<WV_ߥvj4CO?;\ZE7\Z|7Y4^>;WUC_*_AG	J]\0$6SY>9:qgba7/k~+)_Ѐw\nS3aTEs5\0*m8KEPQ6%ͥz-\rHxwCx9E\r,-o[|h\rHR}fpؚC!:WM0ҵG1e5s\\.yHG^w,OLq]V|\Z;Y\0UM>JcaSI[}\ZQ߫~ȄJ,EFO`OʝHɅo{h\0I ;t5iv<Ƣ\0fb ytt<hyɶ\'ٜ~Cl+MVA}:5ermj|+vCZ	TFL2%ъL6ar4VٕƣKV*Y_\"=I\0}C0,vͳlnG1O<(K8RNPǷ\0c o9$P}_I!9Ty,<Ml8ʼ:pRXEnFSz?\n#1e*bě5JzoWk(#R5^~Ca\"Nm`ҤخcX.#(9<yTtCQdx\0D`۴.&䓽E/T/\07iT&K^_+þK\0>-b	j,jrʹA2;*oms3-MѾ[0j#+ie4U֫\"c]+\'\ZWh\Zu3*Rq(\Z.{yu?TpgĠy)G1Wn\'D.[7+qq!{\0\rs!Z\0˜v%͌~PX|OrBӉ+l|?urIq+eyRǳ2hhټy\0(\0ځ/Q\02iA\0P\0*\'%\'1\0b?\n5Qc5MGI\Z\Z]y{<+bt<k<E&und\\4cEg\0F,ݴA~Vk\0\nYwja:23e͠>\\Ϟ-\\\Zcs/&Oq+zc\rxy5[qsgt9Ő\'@\'UCҜ7g@ᷨH8dNO>v3<R\'iuuf=Ds6\'iH<\0!La6[G~5i>\\Ѱ(5Hzq\n.&*͟ڠŃJ$deˮ9V{#[iS#LQV:\0\0}D\rɏ1m6=OQYqR_v!qcMcF#{BѬ45#T\Znh.&ZuZ3l*`m	7͠) */[ؾ,Laȭ˴?a8GSOX[DSη`Cڐ[^t+qܶIv7wpoΤN>4۬IpmrD7=/7i$I\\n~di\r+O(u\Z^z/\n,ƣ{:>2M/F8lʷHi	8o?/ʵ8vGmqx\0؋Xmv\0ԁ\nA\rvnjceME&\0k?ˎܟ􃈕ta\rAqǓroұ7\ZУ;wSL6ҽ]MjQ6]M9kh	-9@$\rغ9V^Ùʬl$a\"@\'0&Wt\0\0Ovܼ+n<kQ>ṔHBOe?R~GX^Y[p\rMt\ZbkH\r9j B[]SbutyI}lT>E cLB8$9Vc`F)j/?,hW÷u?|UMmZ+Ow/\0a>(pct{`t:amFp!&yL/Lf2甃B\\홂0<\Zc0٥Iٶo\Z&.KG]u*\0\"OʳW~$uR9-zaık dahE5bEզ#wYy8EKӂ/)l}7qh%ңKAxv$7;W~I?T\\\'%-C-\"Ke#.t<w-&ACv5O)|8M.kRhP户q\0*E2}0ăuGmCD`pwQI2ڶhOd^#,@QOo#OBՇwG!/gL#NGS:GO:c0QΙdP×x;PN7m;\0,Fxxm\Zf=`{Z,r{[RrDKÎU0q{Ӹ8c+tMִ>2I+YXd ːZyMTCę9@:[C\rěWe_Vm*E.!\Z@|M[d_;f*<n7+`lo1QYdǭoKR\ZGk64}(i:6$^?#z>2rr#}¦̤+N >\0u[~?\n(c۔nv;%}c>*X4`ul3(A}	\nm>w\\v3vG;)ԃS^#;\'a))XdpYMǁ\0JRbSM(>;	*Vo\"6Nʕ9?Rg',1),(6,'Spider-Man','\0JFIF\0\0\0\0\0\0\0\0	\Z\Z \Z(!\Z%\Z!1!%*+... 383,7(-.+\n\n\n\r\Z,& &,,,,-,,,,,,,.,,,,/,,,,,,,,,,,,,,,,,,,,,,,,,,,,,,,,\0\0\0\0\0\0\0\0\0\0\0\0\0\0\0\0\0\0\0\0H\0	\0\0\0!1AQa\"2qB#Rbr3$CSc4sd\0\0\0\0\0\0\0\0\0\0\0\0\0\07\0\0\0\0\0!1AQaq\"2B#RSb3\0\0\0?\0wQq\"75Հ^\rNɓ~gw%aSx!NnCk&Һa\0*\0\0Qh2CZ\"UQ#2&TҏF4a\0v$/\0AB{?J=h6\0N;Oa~B[\n\0;oX=ʿ{ \0k梘֣ՏZQl4	:Xd6j䓺NfҖEر >tad&T/񑩞$χXNZ%VS!@Mt6XhJ(fK$=@|f}z=gXN+] D3q:f=,6	L\r5ha6\0f1\\TrOv\"4W\n:16@j+\0ԧț9n \"]&e;&fԨ `\ny$-}\Z5D*T.i]ڒE6R	jf\0)]ӿ\nmRQďgIԢk*\"ǩ&U+\0&[xL3zQERMrĩ1gIU|)}ɥNQORAd\0ٶ\ZCLxϯsaiG\ZQ@\0\r#k\0	vk9*?UjU@c&縉ͻ y	٭Ma\n2}l\ZfǾ>`pYn8$hmX\06\0h.Z4?Ҏp0m6\0kUwP)T]7bip\\v[aaKM@fob9%@[XSSq*x?(}vRLUa_NZ\rXOw<7h+&T^3ŋ50 sI:w4nG3YQĶVln\ZӦN_[J_}3i]^P/طk67HD[J%oZ,}ivJ#f\"eM-v}=[ee<I\'V!AR\Zp2>A Z<qIB[\\KðzGN25}m!?sta8\ZmY\nT(;i9iK1:f0R,ݫτ}7\r7wb)ľc\"](EQE!R,n\rc}wpc#\0FB\"8Q륀\ZWfƤH;G{n*wNccZ7K`3zzeed2d,ҠNdI`7hQ3| zj+\nPs_X:}ʯc#F?;ct\049K%.ׅl_.-!̌?Z\ZQ]̧I׬\07*Ջ1f$dۃ)9;RIlHz#Ջ)gXAOE8TsԢHn6֊wb9\0fNY埭e<<--riRcQ8(7S,oTc\"1֭*r|(ƜR7ڛFz+ը*V]IBJ	 <*3CtZٶ\\&LԚ\0x2g`;wi!7><Kd=!h̀=`XJH9cf\0g4ȦA1>{ 6@%^%8!k.C0<*u<nxSw-@A{W<?fu2&뻥]\'D\08z6pb5 kk.v`SQ̶&1d7\\J\'\Z{!Nxc&vHɩԭ>$!\'*J)`\Z	PH\r85.RHz//}T[%feuXP#`CY^;u)~֢T*I^U鑉*Q8e$Ra#+ol^)]iҪSSd$v\'9%$-ݐ&Q%ה vKBiF\0wL[\"s<eJrdpd\\}N\\,BG Y\'=A4\"O)S\n\0\0Yn#{\0z]oKQq)l5l\0=``<ƞan\0tRpT($\0v2rD2Չ}M{&	פJ\0ΪJxoMDgg-^+*f (ԛ-dYH49Db1J9NQhlJujd*	^ݦ`00bpȧ:CwJ{ګUzf)884\'ڙvm5$#]T -w/r|viЌbr䳏Nv3~lcOR=<^P״ 8|֔\']莫:?Nr#\ZoGX|H,;tp_S,	F?gDr\0m>R{²(v+LaH &l\r\\5jS5U(U9BpS \0*O-pVIgv,ȕHԕ]O?=+\n*-L}\Z	R8mSgi6ycOuϼv1k1t00\Z7v<OVJ+eZr3nL7d!]o*g5;ņ0hl\rV53?h\0~`YmX&GFjxӕ־)!Q ``Y\0Sji`qjG%+UcP\0(ox\n*\"0JD\"f3`w\rJ*O%\ZUsQEZb\"QDͣ+SYY4P{{Fv:*?f!N,U;x,F\\mQyP\\N8K7yxVSMO\"	߾)R#RJ1J}_KcDvARd q|ja.^2\'v׍nf3S-ls8/>=[Wdܱ8x{㖶yaԦؔ	`n[5f<\ZgąFAy@}	W[Wv]YaRaRcjzR\\s1}P\'/Q29?f~VFRƯGMR^~GRo:RT_Qd=ᝬі0~+5V+OF\n\0?^\rpOmiTyvk\0!{A\rFD 6\r2آOK{@\0D^t?*}uV*47cP93rdyc6\nv\nh\"n|.\'r^IW_C`K^}2wii$j\"Rh@f3-j;\'kem8wW^?Z)g	&59fxǸ\r\06)>HtF5*%	\Zm\'M$XJ\'rN2tûM_os#4*L snZKE^xxa58M;5s_UBNꎯ.Kf\\ԫ\n	*u3j<zC_R\'y٬dfךB>G1\\.toW)0uS=T,J	RF^;QgFh.;{Gn\Zv}3|FhvaISU~B֭d2/fqch&$^]RlpW\rN^\\9#u5yUXΫ6\'3\nbay1#z-9u30DFӘX+ IWy<,%qPٜs$}$ SIL7>akºS d#@t\0A`݊wals$qwC.(F*\0	$\0t\0o9OMnl{*Pp`|C/p\"fFyccv\\:QU]b2(=H\\_s5x\rjkXIrKեv߶F#?_\04k23Z\n/\Z>f-8?>IQɭz<qnS3$fN{n~> MUb%N<<\"yۡTPy(7˟뫞/Ak#tAV[8jm.M\\[aU%_Uq0uv\\0|Na{i>ϙy,d\n;[ĵ;[J	&42=TJ\\aQVN-b2\\^B(]^6I&`ZXc\0TQ\0_cZ=[uViU[@Ĕdrirui5gɨN\\`[9p-#xN\Z`T;\Ztj\rL\0;R9kgev;[sKͨEdllĊXB:a@y{!>VD\rVU^	PI\"UhÏ=EɅWiRTx\"}0+zd9Yn9q-jLsfp5I]˄L*gU(aubgl*~3=[m{ʻwWŨCNvzx4|[d]jӢX3mM.Яj$ټ՗\'OPcٜ%Zf:Uqu}o~x5ē?1fSRr٤}|Xd\0π?[\"?Rߞ>Wlj0uoSrЙ#הkӝgw^y\rM7R75x$3dzNzQQ.Vҍi5\0,}|ԢֶJJYs\'j3jleшbu3c94Ko׵%\' 2ǀlw!PwiJ9,ܭ;aZ{\rwL{C3IE#[RE\\pfc1=_+OMӕ/cz)0`\0T)$2wYn7~_G`?HF,;1rG-ٿ;\\nVZm\'\'\n;b3\'Ag\ZnrQ\\ɕۦB>\rG9ξ[Эb^לiۧ]QE*q+@<f#Ai\0$+TrI6U];/|ʸTiftK:I>MI8zHu8DС^Q`QM	σ1ٞ0wm:@05bvIzZO6?VTJMo)У\nJ뉥s\\Z*ԀCq[5G*sv{aY-XATW}tJaw|emԕB\\U#h#6w跃\n+*I_h+ʜ+g\"k z\0[gҼ^ߔWv&VʥQCy\0ki5MNu }\"J**V*	-\nQs2N^6SMhUPmu`}&S4ze\'f뽷-Ρ}ňt\\2\'A{yC5\\=,/A\'A2u+r 84\"\0?؏l*VqUir#\n<ldQ$\07@C]P\nPg`AyA1i,X&gV96D\"^xonc|W|l/ΫǾҖc\"ޥ5HeS4hySvxϘ[YFw5%ȅHq筥{al\r@miv~fz(+R8\"GTuޑ*Xݯ&UbPWkQ\'ʿ\n}7Jꭶs,t]WRmR\n$(QHS3:C3rNXE5\\0Ȃ5iʪJVF~l8N{6FF모p<W2ꃤGTZԉC/4Q֜\"3j+JWXwtH5+bEK(QJf˩Wt&bi\ZAб^\\YgjhM%+%twJH;{ hp$_V yMqˌr]dIIS&jM_M:P[ӧ6UV\Z$~=f*u!WkoJ/n)t\n<]tRQ[]]R(,\0yV\';;X_  \'VoOdp*Mޒ38Pك>`vm]\\t$qxG_#=7͐U[[}?	m>Jj6짋ՎEWH*pDW>\'3:zY6\\+Fӗ<~l4\n4}Z_QSg \"x\"me)ˇBrW900#(6*FP|2qijXOWf\Zϗkk鏖?`I_GU)P@fΓhFVk\'x|Aٺ.\Z/ȝuWx:\0٢3T*%yڻ@cAdǏa҄oRO/+y-*lz  +(\'|gݷ{Vj[PGȱ2+-d{IT?$w	.du`Ì4ؿYXc>|ݹҚ䤵Jt7cNCv#.Ye\nS+b+n.1F^YA}\\2R[UA֧:R`wjh\"c?*ݎvsmx}q{uB̦Tg9\n\0:`JOl+SJa}[YN~.)\ZVbSǄ <\'-EPP;buԘ	6JU\ZDW=Sg,ŝgjG]\03}-6\0S(<\'?p٤Y\r9CH?cͻ\nUoƐ}GB7]X!=R`l?3f\\buʑRQ&@*{=IggX(mM+קLF\\x|Ѡ-kT(\r=.@+w\Zm\\R]ɧD\'R{wD\rhm^2[rԤ<xjfTwjԡ,4kjП9Y	8H9A5ќedzz}INob(/fJN5/J\09.fO\0Ƕaޚ˿]/ؕ 1>}=¬hӥw%*m&Saq{lڄÄ3 	l%{KR(pnI	;R%rqߑﴨM]Wh	F|]wz&&d\Zwk>)m+h$+mWlka6F )̛.?jI\\_vQ)]h]:Ӧڰw@dIuۜ#7:9PZ\\+ gb2\ZooWz98;UA$alK\rMMC@ mi\"&NcɅNЦuY	8ea	OT~xp}L3\r\'\0T9߄aZTap-J*,a1r F9ݭuEu\nt6Zo系8XޤVSb5>$XJ4¨Q\0L0 np\\ګ)\rA<D+֪<uF5:j&.Y.2y-c}.EѥEΚ5f2yҦ}ߕzno8\Z9%؎]VHG#TgzR/5_:\Z˳:C8XhGYأUT|Z+nn@^v-\'p%5\ZhU9rAww{EFO=i˦xr󵐚03}<6i1TV`eA|	aMU=<e%/N,O긻)_93sI\'c+vC[_{zrJ}q,g2@NFK~́RjKP(T	N4d3*Li14BaR-FS\"~6KA\r\\*Yqj0A&LQcEgU,1,9vl{4T3&33MaB\0d!㄃yXCF/;̸Xo1`C@i:\Z-rD<\\ા?ZQp﷦J?͟Y*\nï:zj~\0@]VϨm\0R:]>/dRע3F@-ZiY\Z3koa{MzԛyH^J}b\0\\8	i&ObC 6ׇ\0rb՛zRԅ޴H`QI~Fyg5zYi-50&ⳛ{\ZilGڙWN)Ǚe5\Z/aczÞQhI$ٮZt)(-Hs|翕iM/lө8ԟK{\niDq6J\rI<ڊu4Ul;,\nLHӵ9g.(okCO3i&]Lj;Z~WӡGn1Ӣk퍹lkj\ZZSvSSk%ў\"S\'i6)zROffvK<KZF:ZuTcVRZS\n)]YB!i軳fm֩E\r50(QH׍%.vZ^\0a\0I\\Aqǥ$fmH&bIEeQ@LvNMRR@l+-|;5R\"YLdྃ6\0:Zj!/vuu\0:ޟvME\rJ]S_=Uؐ$<$I76u\\x?{F#0G\rYpt4\06<om۬p-\n#e:I1﷤UӋK{}\0=3{_(>T\"F~vGS CnѧO#9[_AR^fMOՓO_#ːm\0ynYj< ]]MjS̑$xڮХx^)U\rl2ׅX;9[+?R:MF8_t3qЃuzj~ZF!lF.R*աFKuU $=GbZ|GjLY#rgѸ;co[L7-1K#eN\\PJ3Vc\ra6Ǵa8֏e]%X)vB Z`nUz%(BtN2େשf콽vjk24R\'Pc[`p7rzF𺷓li1ą!	Za\0B4`\r\0Ghl]L\"p_LLf4	s!\'sҐ^lYu]??ؽ]k]jUqQa0,kP\0$\'tY<)J;ΗUU)Vt dwc<[(pǦZJI<,_\019z2Mch9A-9ݨ,>[}\0R}6oJ @34}+	y*@nQZ{\n1jLw*|mlƠzGxf xW8^\0(CHR1w6!3MۗcM8\0Eyݕ0 %WP9 |-I	qE0%r3呓	yjZb[{SN*Z\'&oݑ$	m=B&UXٓӺW^cw6ƭ:c=,vͼ+SH=!@§0BZT^Z6V!j5o\\7y\0g%k{kV=DE\ZgQ^yhFm5NzL:X[ěC9yVT\\pJ˂[hS`FG\nq()_(\ZYe`o=4fvovMBj\0G Ȓ>8\r+~ie\r  xd#{\0z_.\\wCEa֧Bݩ*\ZUȈQwo#,E|ѫJF27\0FٝJjJ\0_|ɝ\\[~8^	W;\';FG	e]JMYK$ZwٕnI&MA0$6VN1vr~+wGe-?_iVle?ӯ\0LIc(CJyOsՖ3WA13\"H<2ݝ5\"cU{z*r	*اOo52ƶӳ.56`qɀeD^T2WGեǔJTi\'_6ӆaRK(܇C?וj!a09?1-V\0_߿3ҵ_~&jPT~ͮ<b^0+StY|\0:+W:r/\rp\rLR\\^YhC\'miXs/Vq}AF  z[!f|w?>V;DG`kVj\" 8RAm<D\'ծ6\'[]	zE`U)1ڝq4U:\rKk?z\0[YJFmd\Zw~IV@P\Z Ԙ\0}JnHFZhٳ9Qdl QE1Fg,3FY7+or$9Uea\0`dr+nD:kyz	9cWb=[]wYdC\'!s 񶚴`\n1ύ\"+v\n-K6E\\d$<S>4xie9p<c>Wn/iƅ\0퇼BiOE*)lыA(Ɥ^*e4TJqf<v,+[̡mM*wL)N[3TΟuF|\0~CR<O+`s\"eҕjjJ.rp:ok\rʧ,;xCZ_aHF/oM9&Ӗ[v.cR79^o檐T:~&9W#n~R}QLe;l\0ԷQ%/_ƕ~fJFBpPFa޷+UJVj<I7U?\\b~h-Np\rIs1cC\'ٯÐ\0o/r_~G;-f݉5h{GvrNdp)6j_nhݭL	Z8ALIɛZ̎Y=jdjjRSvgM0:\\=+whSut;՚V2{<A6w:n$QHvJr o)>Nx7+k,E84ʑ|#R4\Z[TAE~<c7s=Gnt˳u+=Gm+CR#*O9Dۤt@VTH#R7Z?d|QN,3y쒫x)g\0\0d1IE7qRQ[;4vuj\\O}\0\nT\nkZjxlJpju.-75݄+kL#w,4o2HdnQIAS\0=Fd[<RQR$-ZUNN.jn\"rޯztP=>^R e@ZL*B\\;x?ܺZIQ_^]j 3:0}/K`B+SN]Ė\"~q+?k>l9/3\0>:j?~^9TԁauW+<?,.Zug*N;A?\'kRGD4ҭ/n!8aH;&!Xz%{	l G)$R2.Kz%yиb\'[\03\\oI5,\rIɽ񴥛1avwJ)& d\nF#)\rh#\0.~^ \ZPN/LǬ[u\Zt}?8]Crꗤ&T\rMf%6?YG8kKie>BsTp7]i=TM0\nw@B-F4=BEL5\ZO1Ui(?՘aѝRiɔ݊?E*\0Qt%~5݀*\0R;f	gdJѶ/@b鄫]VH\Zo+\'p?vhfNrݫkFHE٬-\0\'B`Lk?\Zm\'b]TgW|*e<tߡWsNk625Sk]n\'_߁B܆n^\"S=]q=ً]M\"yAբjXGy[^LҨe.&FBf4n#qBT&#ѭ\ZS\n:<^dL>g>8XnN5x_ˉr1ʝ{;1ˣw=਌8bxEt[k^.1^iΙUlV5\ne	n%<\0gdKdV`A\rD\r*L̩0xρgkph͘^xa@£OyJGDVM*SQ1PxOMMZbKAmVykY*dӦ4Q#@IЖp;X?]Pk?9ޮRJa[\'UʵGv.vlUԜn\r jT?w. m\\N&^gy&SAZq@	Hq6-5sLB-8$r!a3MFVyE35%}z,C sNͷRqQ?cӤ{s]?}CwTa-z5NN/A>U*xKtpך bR#}P從~<@)*@AN-BWRN+vL 7FD|-(p5?hVJMyZoziy\nS\'řM)R3(TswFn\0U8JՂU\0DfotW8D(pw9m)+2aBzNэE,?hZwP6ۮ2^V_:uJypqgKstF6\'\'F[\r۹ٺ9\'o-NUjk*bH8(g#N-MsM{EVf>Œy^hRϞ@N\06x\0Q_IcN|(SFg.lCumܮr+ިC;,p\0@dqv[ޟѾեBPڟ}+u424;˞\0kWJ5<x$:jC!Oy+w{>i\\_`}Z	<?Wdn9۝:sbJZQ#mu\rBQ\'آ$zc3RЩT,[̩	L	)Is\"m0^)VP@ixToeok\\)Egpk_7Gerk\"\Zgoiά\Z_Ȫqo}	׫eDoW-qz}Ct/V{J}Eo\nZ*8pea^HbP\'`YdQ=gta7ƪ@X9ľbF7[	8˵X<#唏,+54.6Kt.\0c+?~Y#P+Nv\n&G5-5a:o#b&S4fZR?-* M3D\00)jr|7LmP*LnmlJM5@tIWuS@\' ݎHRjT`SANsgG쮊4NT&qO2`L·ܸf6H;gT\\auNMO$	%}G@`@\'H1\nn/#~CderVկtvv-N\\f 0zLs\0(:װUB\\RWؤoiD/Rӂkj$[$\riF^v_)\"rȏ[CQR\'\ZxNz[8<<(ҨG݉QSaSȵzf{=EZ	]H@lꩭtx.-00ğ3>sEUݫ4ªBݨ.LfuUrej<*~]\0\\.kUVM#d@IIX<`liF<1enr.;Njڽ&J*C%7KI\\1\'F_^rMJ9AǓb7]3Ϋs=]zuܭO[h}=3g\njB^(.P b܊:<zfg[V]NjO\0-ǚH*pȱhr HLxBkrVQM*	uIPD9;\0S*,(2u0HgFM~\0??qd id	l\'s\Z	@!K\0zDaFxq{Ʈ\05ckK)C{h9.O\Z_{_vJ:P \'&;\r[fJv5zbid`*H$fq\Z\ZaW[[[#H?k#^KrƊJmu?P;^0nGcViQ\'T-Q$-,w?_;ѫ\0wuRq\'Բ)VYW\Z~f#IZ${ܗu[Qixq\08OZEXI#7L5L\"mNmػ)`PR64\0=$4\rdElԼf1N\Z-|\ZE=eДR\0\n*yn֝ڕGQY/+N!%ʊY1w&t-[jVVR\\H)îq:Iؕ0))\0*:KHY!,۪ͥNzKQ{Zn\n\0`KU$Ɯ]e*R\riJm_6UA*9Ds6vrD\rzD:˨KyAQAYR\053Lx߇{;;[,~\"[g66\nkz+G٦u\'nZ\"^p¨_Q@	Cg=<E*LؚPw3|K16x#Ϙ<mX\ZT5τJʹ°0:,!Gnq5B}lź\\mM\"0}lAE_H\ZsNV*HeZyVIA#s&hΗHT\\BS\0uwtgmZ*pUU^RŷSUBCc.Lȁ)*sImЯMQ7gJ+Ktw{FWV7T\0<@palfj&B,\0+{GDFM?c7qd kbG3kfF|\n^\':}w/`F,\0=105\'N	\\i\\v+,]GpࣂmavBS>$\r}x?_Fʠ>iE[,kiP\0\09DF\0i)MufеֈDT\Z(d؄oJ5Ӧ\"{=8lj25uuW$Ѣ9$u 8QQ7ib~#[M7tVՍVg2M:\'vF1QVEkdJ5S\"yA#NC,\'S+Sƿ&䱟{\"-i3`vh@aNhR[\Z+\rcrjiXH9`D+K?6\'C*{)_gB, Fv2jTr?3ٷ\r!Ȧz4j;20K$iJIwEe=a\Zf9+.LVA[T\'19dBL:Ԓ7`;N\0$(XqϳЕEj*W/~VyaNMocvX.{49h3^wӚA:KZ*2\'\\U50 rtu&~ېv7NwԺ=Egt`n@,NJ	$H0\r4\rKw9ZJs1*{>ΚDIghG$qNK1I%_|Zm	ɧtk\"\nZ\'}k,^Od.LyI\nP T0HD	\'JIujG+Y}gnvtq|z+e= MBgK_J{%4٢6\0pTz{}}|CټM,Fz;׺UJ`˚-@,+sd-\n($iq{R7R}lKp{#3h0kM\\#|b\"ӔmI@\0`?\0 _xd;DF\"^8y\'aEo[>|՚eN0 q>V$]_I:͡sOM0F!~##g\ZaIS-Uח`C*k#3,f gQ}YYn%W[Ogϛgvfl۴P\'@1NN_oWQ4-|v.	/#[8kT.H1#!l\rԝ㼰o@x*J1adn\'Rq˴xih$I{KgSSjUj#*Gxۏ)c[F㳡ZiV	<&TFA3$glh>+NuWsܵVPр5DLNiB[ɧA[\r?1im26[0>j/a.\rrpgH	P5 Q+elN\0	7(\"Q>y\05JbĠ>0~Ǘ̀A\\aeP@#l,l]mRz7rJ#ğ︶T AFՅ6?	\\]\0\rM^X\0=T3Ыg\r.ɔ52\nT ##d\"7:ز.fGjn-׽]g\'o{~*5.+tt7WY\"2H+>CRT)w%9Eվũ{1SF8D\rs\na2HmWgWk>	b\0e3Jo|/kth7^ɀSL8b\niAenukX{<\rkձ5HÍ1a4\Z\r֌m-Qr\"]T}]W Z\\]QU]+%^GQRg3\0iSiI;aPBwHdA\0 5#3jsSҗQ#\0\0澛yY!\0Ө40bC)4{jrPO>XI{TKr1)`X\0uޢ\01[1aG\0Ү]x\r$)\0c*$tP\rNőnmJ\0BQ̙$Q\0VʥܟO~-/y$fld\07/yO{!!\0_yGG٭!G\0!z@Thl Fn\"\0,1',1),(7,'Flash','\0JFIF\0\0\0\0\0\0\0\0	\Z\Z( %\Z!1!%*,... 383,7(-.+\n\n\n\r,$ $,,,,,,,,,,,,,,,,,,,,,,,,,,,,,,,,,,,,,,,,,,,,,,,,,,\06\0\0\0\0\0\0\0\0\0\0\0\0\0\0\0\0\0\0J\0\n\0\0\0!1AQ\"aq2#BR$3brS%s45t\0\0\0\0\0\0\0\0\0\0\0\0\0\08\0\0\0\0\0!1A\"Q2aq#3B$4Cb\0\0\0?\0h\0\n\0(\0gjǇ!=GbBl|\0\0k%w\\%9m1Lo%V#5rvjM6,~\nVf{F:a3\\S9e]-Q䭍X3/e3r9 -\"WOVY86=Pr\\][s]:XZMΎ{R	\0\0P@\0\0P@\0\0P@\0YGk@Q\0v%mI/\Z.Sr3\0JKcRY5N[xn_\"Pi$SuU5) S^v:aF0SmAr _6#ʗqyE%/ۯՅme:=\Zv/+&^zsqWa@\0\0P@\0\0P@\0\0P@\0cׁiE#ړ,O7<ͯWѹ[+X]pp&)x&,%tF3HQRָ`x/#ƈ/0$d.O,7RhajEj)&.QѸ,|GҖ\rej9z;W\0ms\0S_\0T@\0\0P@\0\0P@\0\0PXw3J#frHPBϗ1bs)wy9IoFjFrB%U&͆5Ƙn`,_n\\|+]6PIˮSkqٖ\0:[r>\'\0b[\'{m~\Ze\ZXyħj#=(˲ڲ\ZRG\Z\'Z2Y,|ty:!kJcRsisԃ<-M஻K)GԏuE5Uy[?b\0T=K1,M.z\\e+َtcIlu`rsYam);_R77\0bRDxsl92QG)\Z\rt:ǽN4%,Qr2x41Q\"+P :\'\0(\0\n\0(\0\n\0(\0nO&~mY6\0Pm\0.iTz&Ɲk\"f;.P29{lZ\\qf	I_wPzs#].rS[bsb9FS.Sl~q#+r\"c\"}Zt!l]4=Vđk/xvq5}^WE(,?%jm0Q%}UE:ʸ\"%|hrQc	D#2I!^#Mj5dc,ޔ$U#C#g2L$*gwhz6%n<\05E%hX20,G\Zor{u{Ghc>͇b!%sbHk1wKQ>ݣi\0\0`\n*T\0P@\0\0P@\0\0P@\ndúco[tr:r㖘dA$eh62.`[\0Rz:a8Z\".9g\nG\'oo~Oݧ\0ҙԨD/{܂._1M+sSJ~m2Dq\0lP,`ASelxkֽ\r1_y!+	!xyO{IۧP~Yi6عGv:p	7%lr>U%WG?fۼql4JZ\\r9(ʱk1#\Zr7&!BqPhwwJZΗ7u@[TV]es(\0\n\0(\0\n\0(\0\n\0E\0f1cFΗx5ܑi))([IC\\t\\v~ҋlØz0kɤEtK\rCfgdmnA=VhI\0<>Ye\\+F\ne+7\";1ej	aw&cDE*@>@\0\0P@\0\0P@\0\0P\0h3s+i8_A/|3I7<](F,$I:̦ކ72oOiɓq3)D(r1Sqv(/v(c|qJ\"#_xz\nn#Jk6cGۗg{f3D䱰\n</$6$y=;@ԥi\n\0(\0\n\0(\0\n\0(\0\n\0(\Z[[_nI#d/ƭܪY,\rJT7[\ZJ/+xlGKqRI6}SJu($A\r>UyIȭGgπzӱ{`f쏭|pM[dFڇ`,c,sr!:[s\\5	eNI*ipmlJȡу+)F;h\0\n\0(\0\n\0(\0\n\0(nYα@(gYGxObFf(	9QPjϢQJ+?a\\=|ң2il㊱lx-RKUT|k	H5y)?ZJҮg3[we\'.4Vy;\n9s?	Oݻl,FÉekԵ$Sk*eL6$x渂rbLntY,\0$MiKg.KѠ޺ >@\0\0P@\0\0P@ĉs9\0rM,t:\n3\rދ. ސ,5\0aSk)u\Z>y,3͟9g\'7\'&ش|ECwk5\"pVv#{eb{|=jHYu=#N>0qBdczy\nwUWGClxߝE=fUĩ5۪rP/Qqk\r/*W\\/p\0\Z{,cn}m/,}opۯ[ęt	<ˈA͌WNb2<i	ve=;SR̠viE2Dz(Mp.\n\0(\0!=wEUgcTs\':\0M\0}7шLħxfng\0Q]6?շb	 73T	h.upmꠀxu?t[ډ>if[Yc|ࣙ{m\Z\'Tbe}:	\0V<MaNa\'33JK:<ɇܧ\Z?:uyGK\'-#B2ި:,ڰ}*LxdRA׏ņtl)X,6]n	Wƃ]Lq~QCuS\\,?t:+H%M#\Z۪uKk,P@\0\0m2\Z1 \"՘Bi\"Nj(<xEOhmYH72E<DK΃AjSQ^: $I[/h<ɤe95WqJXK<L{\0Gv7HZx/M%F=@<TXԋ>JJ[8 PN2Sm{k8{U7:(4WqJ9|dwu>Z\\7wg\\8zӦ/l5\ZjU1to+j>ӌdBxM4	.,1.\Z\\6lB_U\'!_JbYqn>69N䣬lEΤkOZf;^WsHn4u\n\0\0PF;F9cq>Y6B}6CߗJN\'@Otd^YƸR*ݼMȉNpI[s\Z㦩MM^+ͱrݳLDpv<\04t^&WOM_p>/FRJ\r3?9\r:\\1V\"8\"($)<ja`rXx[9rsPwWRJȓiH[X-ʊ9(-ԝozqms\Z~\nTe2[GBɏzotlbBV:\'7c5-u(j,2Mۊqr~5\\QtJ(d#H_N)Q-!ՄbX3w9~bjݍUU19w[/CSJ.8ϑ&\\P@ihCEFT(-КeҴB^MݬSGqRk1/o\"mJI\0)y:J]ʛuF8f]\nRMRAfx*4EG7Swl\\#fp+Ap|S&ǜᣓ89KSlnmck\\[SUnQuYbLEBK\\FA+krp~WtcݎG#i\0}d<ݝI\ZUrGS*u|>ګMVN,ĳԑğ\n=ԹW,H*hI%mkD,ATJפp%&Vj;#V(=g^\"\Z1fueiWjf⊋&OlW*i,`Y\rxz7͌71XğTi3Y y9m<${걆{p̚o<\"åQes+P>\rX,dy=@?zgDK,G>!QY	$XJ1<r3zWh2l[ÐΫQf\0JDR%7ݍQ{Q,Ґ\r  dYnI7Ǉ5PmrQl<޲>ǈ\0:K\r/Ꮥn\"ܟ\rjki7+`׏N\n[O>U{\")7MVQWvnx9a1jНgC=JZL{\ZrQ+[(6\Z=֚Skiӽ8&~鶲!]6C #9h|G\Z֨\01j8ѽY79\0656هQJ=Əj\"Ldر<tdfOR*HTj$ls[Eb1f\\-S\ZYbFc:0jĲ5y]7_tmbڞ9t<)×$ܧ2HcVrt6\0琬ݚemv:j>~#CLEc^9\\b:\0L,7bCop$S}zf`jcϣi=B쌩GΪ;x#bvQ5Cf)4#m>5u}mGPYDx\nr\\j\'\'FW 1\"(vR-,(TUV*27T&qݣΆF˥G8*;Oz~2cC,l?Þ\nJ静Q\\xhIr]Hs`ߕu>i\'z\ZO\0P3چ804>PٓN7\00\nk1\\2}c\07*garuBw7S^%l2Y&5ICplA\Z\"-SW2SSSh ߩqTA+K-@@<ږ؊\r51Svw4]Ň7i9\nUOsŭs	4\\p+ۦܓ\"E\nˬk8-8ײ1#:n}ڱvԞZ-Tjt[i!E$QP8Q$rpY*.b}Ca* 9t;-+m{&aZF䣢[\\|6OSWT#m|?c},4nK\ZZKA\'\0 [mV_&DyOvyE&T{{CRl_\"=[Hrzs6pӟzHZ)u@\0tݿ[hhx4jc%orrO>2K.s&f$xfҤB34\0q\Z0\"\n8Ԓyy\\K29=i԰)w1_qc^>$bcZs_?Zdv̗qd-<GQR֛LOrf~}}\\+YH\"fTk.zڟKs-+\rWqt\\%WNrHQoUT6=L\07,Y\Z]U*a\\Ic\"y%1qVEǭ9WJLvF缬\\ߴI]Fbm\0hv0O3:\Z\ryVM3L\0(Fb\Z<)tt6alt:uxL_,7n,XQ#:* rIObO&Ի\Zezـ`V:xyQYMuˆC\Zn󮔛G6ao,K}I>TM*hvdSxfC5X\r_߆<X5ĨqCZ~p(aM0|j(57Ff,ZYME˨J1 \'Aqֻ\n/Zd;0\"fBEs\0{%,-,lx{OC\0H\0_\Zm*\"}ԋєA)5ò[\\ݣO4*f\n<	w#(\\\ZafPPGڙZ:\\\r6c/2+{s-|U>^\0Ps!\0\\\0,Mh~k(sl\0lWY Bm\\cӺ}i;#h4ʍ~Fcq\0*(VbY+-e*Ʌ\r`59G>$hZv6ԁBF3&\r/EW9Kth81IŃ%XPN7 ^G%~[jX6n\njTJ7KGUʤޙJ3YFqnRK	>ڊl;8yl;YP|۠vs{;e3#@֊׺K\'Tڮ1(ڱƁ@%݋:+mrOܟ_F\n%\nI𩻾\ner\Zs\0$VHW&.L͙ȶj+w\ZݙvbG\\&\r˶2xW+\rK\'ԗr艘3۔ŌXt>\n$\r5̢Lr\\f+	\ne}/ƌ`(\0݂3`1(<2))^Ie`mɖn>(XwUoU̧iE.4*Q_/o>X/oKʢ\"Si\\C*\naUX\0XM}Cr^NJ?ޑ$-Cs\Z@\\<A ץZgҤ|L]z0O-ae3uJ(nV[NdhTUub\0ZN4\rLG-rE7x\rmo9<!\rZƜO>e/TG/cI<MőO-@Fp}F=7&\rTcQU\n@-:8Ƽo@\"nB0բ[H)Y5R1~\')lqc,?\n#\rZSs;,~HGcr}:ġ䟹xc[IŔ\rmcߊk邛-<>P?춤pt,ɕkK:g[ݒn4K+2+#[uRʲ8cfg,֠m aDN2)QO8Y%1ol{lWr	L+4+}y\n~a=\\>x\"brm^J45_Ddm+&K޼@vкQTMlTKm	+&rqQ.6D3\rd{$Ҙb73;3\"Rk\0]313oAaW\'\0\\cEc\0GozrΦg)#<:q&PR ן\n1i0^QRlߋÕYӍQoOl>	[FOLpW%g\\APC~0$␀bQLB01ԃS;fo:FtH\0GdOO<=\0j!8ZXw5f֖>L^zH;V,c$_#9FT}iڻ<m\"ƴU,]U۹yekb@KKVcZ\rEY8մV#miP3N.3cû3zK(2\0&!a\"ƣc=S1$Tgkx>l◻Al\Zf42չKf8\\1%XS,٧\rnbbjqAOf\'9>ק@	<be\"W+|Q}@ӳyCtx˄,o]G{\rRU;<5m3rrc ,A/fcqaq>_-oNL*sی\Zf 6Sbz\\\rzTj\n\\v[lF~vX|d!ÐS[	0ٳQǭ?cx2Z/orýu\\P/v \r4VqB.lGiUخ{>xHL*k@mO8=@\0UtǏzDUC\Zмj!r\\o{pThml\0wSܮ\rLٸ^s4&?JoL<ny2]+\08hj~b#<OWl\'\r&NA@\0[ɈYs[klU=1}ؒ:Jʏ+\\]/{f6.]jOkvo=Q4.\0qrH<o\roJլsPU)B½x\\װٛ_3K,yksY[L5HAcuKjN~ׄA\Zګ.+wns7uBN\0£zL{,#;u$MM_Krd\'t]\"J>3:F#Y_tx^ڟd{}Nw*\0k+Ю8DVoU$\":kJrv\'K[Hn&K4b(X\\;,qQ0kuoMw)uzR̛JBG+Cj͙P[E!Ru\0uv鲄oRdgWw\nDma yU1cVr~m:\nQ&gC;km/p325E-;7ZQr>\'e1{?d_dc񏫼\"ZB<ye<䷤\ZJNK7\0O3\0-kǹ4:<.#6\"d7+\0	yJ~N7h$Y@Bcm8m֩Cڲ7zMT#&3!ss`n,0C۸֞O8G=;=Ke#&ޭsgÎXx^?;R)Y/\'5SpisER5$lx{,;;{ҝ:~&mG].Unr\r$d\\	mɊ\ritm&vrT_g\rIbͯՄqYr=Q\0g3an#GbC؀E:gQ6R[Λ-Vdbm6&z[ªMM˺LCkYf\rBmǖaOQKT=M3e5n崰*7A8k.ۿ`vw	llGNUeE5v\Zs\nMLr[*E`v,@J\0x\'	n̃%R0]!#֩>Lh\"5PGc|k2^PJ ykxbTkVißSԟ:s>:JEN8enT2.É6E761\'g<$w}U4P4\0xW,=uQMg=ҾyTkB[O:3q2,OҠӼ1:ۑic8beSaWraqቚo\Z3KL{#9 dx㮪Zk\Z䊆=H\Z4SVpĨ<f>K?JrY_d)nq?+Φ;/0[^Ax$!V*Lb.m;FA&M\0gdF(45/g&-~E?:\n\0A.fA&h4b[lͯo,Fң5\rqBmR\'\ZY:Ά̝<(]Fst(mA@dyR*gce+/Dv\Z<dvW7[o\Z{T!pĜIKXm\ZslVy)nCz8ߴ!9p(|?6;kd\0<C.bE[.Ok)pc4D\')ٙ_zQ>uw\\@58ͼW|4>Hj%\0qb;gQoڙpQ~~ټ(rOhÙ/Tq/ﳽe	[H4d{ys#z2=9@h+S\\Xtp|:zT5p}(~T\'\"?Ķ\rJ<s,@_quJc#wcS|\0Ozp繒EZc7	Xh*8I<1^0q\\x=9qWS]TێQn*9y6uԕx @rN+RnV\\\\An[b\0!b,κ<,H\Z͸fW[Sk)+:1XqY;j\'\Zz|&fE\'(R\0%rId\'9:\0w7\rC\\,#AoxT%mAL.T;37S7f{($\\QLqLzlϣCxz}+[\'FI%,?෭Ew4\ZqVG7c{XlOz3cOS6WV\0;dN_Ǎ*Kqp6!,%ƭ]^ҳPAfJ	?ZfrpSh+SgғoVB\\pSX}k2Y2f$v@s	3EML&S$~M&cXQ{}\"<vm*޼8gbZF*#&{\\>i)Ԏ:?\ZK]<}˞?E^?jز3\n4TyWn*1DYsv\ngl\"_ҼcOVf2Jn8\\$Q1@JJ伭Vc*F&4\0\0{#̑3\0F4G0->֫!CO-,3?[|iC_I1$bcI3ep7\\3cli=MM[HX|Ko~&RM\\AK/\"*|RGR?3\n~N3=\n?B)7iehGR:Y7U?sӢ+\r5[XߘY!yi\Z+~m_F\0**X\0SD\\_5sZUikscHC;WhC^ig<mSұXԮb@\Z3i{D#U.ugfh}MU\rʹ#}>+y\0ŭF$k\\jh?ܤUpzW;b\\1띘yBJfי>i\0nXhFʗ[8{Ee8rS/ɮECq	֦\\\"+bkOVQ\0]额DyT/atWKiׯ\Z<Kjj}cm	x8??XUv2^Lm3H|3t\\VYN@7lfk6.Ļr}jٽԴ(e7i\\F-LM9o$qa\0!|k_>+wdaتI1Lfo\"f0kyn_%\0[ѷ18kZ\n<lYE5栲4i\'#Eg@P\0Ut򙾢ic=?ο$?Ea\\{~,J?+_Kki<_`*{_9Glg!\r\0r{Jk?	ry#bsqoOR]lꑱp2ꏩ{1uls|1oՏ\n1-vT]~?{`RYls:7r}6bݤ|q\Zjy(Su=NMkv~	0(lM)`.26P	\0DN/$~-f웴i$fg9Mչ.oaa<Ee|6]ѡIb+5ϧydV)ɷg [zi\nB\nsR}aᤞlb9C?ƙi<=%W;&#\'\0A)FHPω4S\0ږ!eU?Y0Q)c	`-meB]/,Ez\ZGf3WE]Ϥ,!-$nJvqF5xc]e:ޫMX/Jv-ݿO{&$\"lǢ#LIʺLFsm0IIQe$:jn>T3r%/VMSGQahs]K-[4Z?2ߵ&k]qĶʣo7B^()pK5^jJ༑j-nY7nK;{ݿ9MMzO%\"S%ed9#Tƣ24rװ_$7O^xקM~5<!JESlvPH@/3ڹG}4f9KT\n\0wfbc\\\Z3ǖkči+蔞_JLi\0VJЅq^Yx[ϝ-s\'f0(ja>f<3G: P?̓z89]C`sa\0>d)xS7w+y|z;f[#Gg:7 u:1lsCkpme+I[}\n:1Ku?JMkԮ>+e$c$#Du6jU[%w#?6?<¢\r4Sn葋#½X#I-%%ُ?\\3|v8>Q];LQf叉R\"Ajm1XH@r5Ȝ\\:v+sX:}cԛ/g(Z8\"\0,<Μi\0:1T\Z928! zMw2uWx2%6S&[\0B,VZ/f5|^͝,0ʆ)ntu<Fym\0i][r\\m`픦#{TN7n[֦=tcfP\'lMt%\"&Ȓ~<3bVhlE9TSȥ8^\n$,\0x{{1\0\n,Iug>ZxұY-f.E[EBK,YKD!\n|7e,}o6;vBb\0	nv\0޹Rezݰ}Ҽ%?QY6a尿\0:lbC]<0yt~dJm݃}Ai\0ounXʟbd}hu P@\0\0-@\rI%C}0,:]3Ek|\nR[g,NB<%px:E5E?9zZYkʥak\Zy8q(n)\r_b%M\'[iu4K<:6u`UE(yiJ\0lezpB܁̍te:&fLhշa+#swI6=*(iR*3[*DFXb*`()zmUҪos*FF[[ƬāuxTԛe^T*QL\0(\0\n\0(\0[/)\"|c\"Kp6\rc\\f8%{,R1=nzO.U|OㆄzӕaGmbZa\"QES|M7UqSR\ZD\rKdKXRr].̭5kS3:Q/glJ2Z\nzՆnF?ms?zk\n׃Ģc/BK@ԟxր\n\0(\0\n\0',1),(8,'Green Lantern','\0JFIF\0\0\0\0\0\0\0\0	\Z\Z!( \Z&\Z!1#%)+.1.384,7(-/+\n\n\n\r,&&-,,2/,.,,/5,,.,,,-0,,,,,,,,,4,,/,,,,,,,,,,,,,,,,/,\0\0\0\"\0\0\0\0\0\0\0\0\0\0\0\0\0\0\0F\0	\0\0\0\0!1A\"Qaq2BR#b3Cr$4Ss\0\0\0\0\0\0\0\0\0\0\0\0\0\0\0\'\0\0\0\0\0\0\0\0!1AQ\"aq2\0\0\0?\0iJP)JP*;;|\'G\n>e\\+vH~D\0[̼ɇ<⡙cvn튏 @/E3f+ێ-\\\"F4	˕T5\'{wo9\"uu陴ZV8J36%md#P6H\r께nn\'+D#^a10To[6}5U>DwB[8ۯK- w!](EuU7\\W>E<}dyt6q&}m:u]Ҵ|F3ĹFY[JRJRJRJRJRJRJRJRJRJRJR $QCn\nIe[Zab/Uh@υ%UQ)%J{D\nHc v`YmMA%c(2cfQB3]򃠹TM֎,G+`A$JY@c{ѐ+^%Zw1+(ղ&{GW!2Ä%ʱcT!R\0Ww\r\'RD;:w0W#};mU>yxeZho*3YYR@@bt<^Xfv?M\"}f!yiYU|AE\rt\n|]\\tro:ɍ˳rm7XaotŤrcd=jcsK\"ƷBܝ\nϱcS޺Hd2,)y,	l+ߙ;Pb	\"=ĸ6`Kuvؾ% #q\rǨ46xw\0(f߉&3M&c.lm3o?5Yd#?n:{-Nqf9Qvѽ8\ro[Z~j0(YS{I+\rs5\ZkRhqtH\0Bdr))Y,JmxYL#jü\0MGP+wĻPp-$= e\'EԁR2RG&e\0#p|X(%O)Q^͓Kɉ  ]\0UH\0nLRJuu7SqqAJRJRJRJRJRJR#ڧ_\"\04~\"\\UWQV^f*Du.I\ZV\0tYdu(CcZ$\\\\#%Fk5zy쿂ɗtp6|le0GU#23K(ζ(3\0\0ZALU*	V9䕁\"	\n\0K +}3$R<cݣH\Zf Dv\rk[c͎]n\Z{Y43i~Srt\05{q?kN-r~2v Yn6ss/eHⱓ&L)A$xgCm\"P.EbM6\\ł\\iD2U_U|/\'rixcg~\0\n}FVLgx\\$1.,G{,\nl\\$v\noZYka\0I9ܕXz1c=F9o$0\\ol~y\\-ϲQ\'\ndzԚh慞SpG{HòDz)o+8s4Sȏu?\nzLv~]S3!@\\,㪿R;\Z\\,҄¦y\r[v.4OM\0Ǹۯyd\n\r\Z-ܻ263\\s_qIY̙$ر]m+\r.>6\'ܚ\"*v\n.O]mkJ1Y%D\\:vW\0Eܒjkؾco6!\"+V-ݝ@	zUSG!+y\r^XxhPX2EdqzIxp:\"P/biV7,\rG\'^%+R>(0#TD\\H[boPfNpAS03`\'3UHݞQs%tGd>\',Wka/no	K8hd+ifUe,H\nCh:[Ss\n	3f[P[!\rӎl#@.;`}.$p!D6ʿ\"	\"X6tY0bRRV#+M[\nSQ8RAtuqԃӮZ.^W9F&v$EnG)J*̽+$C#`|U>EDk\"2JPpyVtҢnn\'\"řق\\eTVѥk`	eR1\'9b|lt*I\0`CM$Kwq\0&zbMS 2yP`fVW.<sٟN+[1wW6˭qxmP<~]j5ȼ$FŭC.*0D[dA3X_=+7/Uw>*.q(ܦ&XXX\r:ԕ8p\\4<Hi{Zir/ %Xc\nJ$k!%y_h#cWK<cVt1I!C(\07x&O%{4ip:0\r=}kK¸2bOwCbT~1ku=LpՓ%qه|A\rIyKWv&E[G[Ϗ$o\']EKTS\Z\0($P4]m{	x>,u_7xpiryz\r>\ny2->./,AU$blntVl[ \\),\Z=*E#$?*U?	+Wǭ_W?\Z¤V2mCԘaL\r##/a>3Z>#_^\'b;Ǣ4*!oR=/R>8LKT#=Жeͣu+_7xnJ{\Z6?Q{\0.F\nqI8FES}o?\ZpsM{A{H$lM}.Bd,AЯ2b\"8S[,0QhbeCĺ1]^|\\Rbv `Hc-(u#0\0ى8h+\Z@8u$8	4ν\nl~ң]{&7R)L`[R\0$#Bt\"⼷ě0nׯ?(ࣶL4hʠ>VD\'Dek Ct\ZVgfXNrʐcOR2T3k.pnxח\"KaSgf\r@x´nh`׷={20bPƷ$u˭ՀE]q%_Fnv#\"Zm$nOyݎm)Z޿x&53#FDt5jk9P2TΧ)cu/CmIA8<Ar.!IHȥW.a1Ab$I:Ge\'f#sQQRBU\0K\"C-gu!?q\rǡ)$WKjt\Zk_\\2ɓOF\0i{±1RNŃż,,m|]o{`}ϖ_5+vq @\Z\0\08l,ŕ!e\0YCd;D5ߨp* Y.K >%QbwjwxENN<27^i\\<R*a`~/kfCeٯ9RvHs6_I:4\Z/UrN<QTSEa9\n\0ࢋ|-\0v}<9orͮyuHb0x^@atKTWc81UB\rV1⾠Ɨr.X1ndȳ){[ZxJb|M:-ttl\\~pϲpgB;\\?PA\01aQSz\rg,3$dSnEeۥIkOa+Uu\rW54ԁ4bՅՃ0n?*_ۯUm\'=Q\0d>OJ\Z?h̑e䙈CoQVzMbׄ%)JJRJRJRJR3ϼ\"y\Z\"	T?[{TR_ȰWó^\\Ln\"-Fc\0RI\0fYvgv>$ԿLcIű9\">%J#SaLR~#3b#7 %uȉY^Y\'Q[\\Lf\"	/5\rye\n#7kG5YĄQwޅ7ܑ6Ѻϑ!ŉg\"8\\ٛ6lSqbnSW$ZfvHtUQnIP1>)\\1f$-kk[KB\0=I\'/>R΄\\z\"(3oˑwݓ9|kN#b2ߣr524X\0(A0 EcP!\0β\0	uaa\"\0\"<5C,{9$\\9.X|E[P̯\\yͭz>Q(US,G((вAVHU\\pԛ8nXFXݶ)6	\nmc(EkOSQ7\ZOU@#Q`-sp-~\\4Xe7/l$[x/z0ꑽ8mak{{|Ǘ>>u>\'g9\\ǫ٥q!TR+m3^&YR#KE\nk܏--ͼFޡXIX;R-asN.4\nxq{rp8ZU\'4%R\nRӢ:v8)3{<A\\kgاHHӳqvCoqMmpɆnK ӛ*@a0\\huPlA\ZE\0\Z,#x{56-W5X̰J!(2eوT\r͢f`+R,3KGv+\rcRMO甸lC^aGVXOQU7#&nݺ$yi$ԖV<]H{zڵvCԀ#b\\{bG5M|L͓Aw>¼V`?MOXaжAok\'t47:wa-j\0#}\\镮InjE,F$gV,*XrSθnbia̝lrQ>2Ls4e9$^ͱ>cZ9sUVˤ$hѤkʹװ͇Օ̀>*Q}#[NAۥjqAQ%O][O{֦vw#VFc.k{?c%i%la!mmг5Pbl\rȹFֽEϽϝHI%C+\0\053eeFxͤV@l]oKisxWq{\'}.-ƑF{ַJ8\nC9Tnwbufku\'_/+\nϭj6c54RIJRJRJRJRJRJR)s\r	.v9ʽHM`Ւ٣o=-}t}rR$¼Hsŀ&X41x4~\"\\qiEF={RU$S[]Au˝({b3ata/aqK|N9)]A+C\Zy$a$\'˘AkF鱾7WD؟9_t#b|lDq˘0\'7Xm-9UrV˘fέk~3_2G~ĢEaI`ok5)\rjˮ3w^N lݎf \\+IUNSsv\Z&fs1D\rY|YmLo7@W3Bm=+^?mՎ䓴xUl\\v\0[7W562LYl)D}\0@ztuNc :XBc&!U<yW9&`bAyk{WU`1+(6,	o[\'&f[wԀ,/WGteg w5Ff)R)@)@)@)@)@)@)@)@)ABѸ`=6FE>g[Hz	~bBGݴ%f#1$+9.Xks駰8`*fK/7k\\Wͪ,JǕUJ$fɘIm`HZڃ[[M ;UP\0|O7a_NxH0XEՅEb\rc#wm,h#CԒ(-Rw7=keٟ0:)2̾\r첫~cpҧP3c ?Tv5Ub\0a_vK~\0Vqh(((((((((SO$ˋ/NBMO)ACHʍlO{W\\W\'a83e|2\'ҫ\0\'ro޵ADGbAfb\0P.X\0\0nI[cv\n5r0sbdbvSt+CA\r쇼:\'Q/Xx\0o\"\0+g+7|xXFtX\\XS<3V#6kЩ 6#\"\\7}I\nE!!ݒ}J5XJ;|hOyf\0>VQ\0]#\\s1	YD}уrR\ZJ\"+\ZzR\nR\nR\nR\nR\nR\nR\nR\nR\nR\nR\nnFBqB}(8#28*YNA[~N\0?Țv E/4;2xQʭilㅅnE:q01f)W_MBƬnm[\Z}=DyT6|<?\0P+{\0\nI@S?>@rzy\r3[kkNi\0fIˎ2v)\0jJP)JP)JP)JP)JP)JP)JP)JP)JP)JP)JP)JPPspt87eF$}<]#\Z.Y_zvd>%J.WE-W$PHбk{ک_eb|#p.:\0[UPq46\0ѫ9cI86MM$5aQ,o3cЌh	\0֯&6kws\Z\'[{kVlCc Re?ʩ(mDkWv1g=V5P?>	Z((((((((((((?Apt 3^V$\\y`(?%kU_7ЏԧzX>27jY\0fN395Bẉg[mS#6sx3!XscBv;^-uv>W$5|fb/#>go%\r<Ʊr.}N\0ZR\nR\nR\nR\nR\nR\nR\nR\nR\nR\nR\nR\n47֫g<DY0ue!\nBzRNl.h<sI%X_}\0_@*A_JP)JP)JP)JP)JP)JP)JP',1),(9,'Superboy','\0JFIF\0\0`\0`\0\0\0C\0\n\n\n\r\r\0C		\r\r\0@\"\0\0\0\0\0\0\0\0\0\0\0\0	\n\0\0\0\0}\0!1AQa\"q2#BR$3br	\n\Z%&\'()*456789:CDEFGHIJSTUVWXYZcdefghijstuvwxyz\0\0\0\0\0\0\0\0	\n\0\0\0w\0!1AQaq\"2B	#3Rbr\n$4%\Z&\'()*56789:CDEFGHIJSTUVWXYZcdefghijstuvwxyz\0\0\0?\0ꑉ䑚y9L\'_w>Mj}krk#~0j	1 >\Z.YDՏ|9I߈Cqauh03͟>0ҭ<o#Ȣp\0#=_x+%=c9ȯ\Z5qRj?d08S>OkOIis\nL;\\P4ZK(䓁{zC+xFs_ejtB=b6ZKE(\0(i(q޳nnONեsីYEAl6f]H99ߜ[[thyuEc!ns[XU08hA-7CD*\nFG\"j<W,Zemչ>P/^}*	M.Z+:Ӄ)ך~2IJ|NlpUO(MDpP?\ntMޭ,&E\n\0J)㚮MG,后Ge{5DB\"`rkxY @NBg_Cȯ\nˡ}bev}C5Ex,jǛia/	^٢0H\0e\0E-լof\0mf;!KS޿GQUgF.=ĥXc8+}wdpm\\gd;t\'O\Z\\x@3Xa*M\ZT;oSÓE@	\'?4Z!2+ȯYb:{2AkGũtؐvp3WV/*U״Ÿ;3 ª >\ZHQ-G(p@$gikPy\0vQ?vՏ55t~,_XͧN\\FȇX`+ܾ,x:ze`jW_WV)b(Gb1_P)MOG\Z\\}\"Bw\'lmkv?tk}bG-\'5K&ZߵӴd*<%c]QU\0f澛/P43k5M:fIAWkIEbE~eQ\'ZAJdR5xaA+\06z@YkNQvܻE1ds\r1@Ia&&\\m=6qolPcFMyy|2:wRV_}!-hde䍧OdUi-9RPB$\"c5s_nmJ;Ėm2soyʼ\r0= G5*VJ}F֘W-bx$YaCrdR֊lf:U#p+o`銯=֭OQncW/n-S9=k{o +z)M(N>jTQq$lS\'ZT>Q[zuiX|G/\'<}*E<T\\Bh`Vݩ̊S$@Wx2rI?v泮ؕ%N	Ԕ^JP)D%\0 ?,鷞\Z\"z_:I,r!E|J| Uy_kZCQsW>\rĳ_FXՍMs3<N|-$zr.bՀ$R\Z>ua-d%<l?yםktT0k5Ե6`s\'^=;e79EHcO\0fO}jM))4AqfX\0G_2K*<\n.)m4!!~5*6Q^bc9s־p\0fM2{{l8U+Ɋ/<g-6X.TOz&o[\rYIK=LVa?k7]WgK𦣮iʹ*Zx{:BŶע~̟4HtgQ&JX\n<S^ZwIM͔dOOZd}szAK:82qzKX*myIx#0ZG9Usn{$nVR:B9~h3r~R(1W~^\0:9+ȯv\Z\\Ok6!*pI\0^o6B&4f͏b\\)GiK!>pNks:f-nK@J?ޥ?ҾP|&>tt>dFW3#wZXI[/y\rOq@Qlw\'@ĺLZEI=췱$Ruf`0p\":^+C~޾9o^4/%l*$NˑeTڤ7`0~:Z[t_KuhSLdPԪ6_4*zi\\\0%\'Ï~&ۿ\Zi]axxTYVPFw_\0h\Z|k\'@izż\ZjQYxٰw`\0ؖ rH\r[K\0RGu	QZ	YpG5)bc][%&jޏuĭ9XdtuHR1ֽ_?[h^$N&Ԭd2J0x\\B2嶺)Røc\Zo47?(%~?|/\0z#24kv˻le`<c5@xR{ϤY}^-.AoC\nĜi}<77-,1y\nܘO}5	~\Z;\Z\Z|wb$iTeJl $lW|3Mī7#7!ZkDl,%rYeNɪZJZ% \n֢hw\ZJƑĖF\0621ZZ(Bq\\ȭmg29BR-dٛcv\nk()ڕqҤTduAt\\5y`${[W,6sX\Z[h淆t3B+>KE>b9Z;X=5ԝFL\0)K\n\\~\0h\"ͺL:VHLqJ\",\"dO^ZV\'V_\\mpy\r_~\ZXL)Wv>2~κ5yntap\"BsZv>oq|9?B^5^jgc\'\0`eWsh9q]xs\Z-#\0(|LM%rVÌ*h9#=+\Z/S$pz/!x1pxxzIQ69;F}k\\A<r!FaC+|qA#|q\'4X:.y5\0}ԯQd	+[HAW@SJQx!q_SG?\Z*ߙx-\"B<\0A+xuHAOs\\ƃ𕴍DI\n^-,m_;cg٣ES\r&XZ~5W}m=xap.xawj&HS,/}&㮙cH/D.l]SKU#6Iն̲6gl|\'?_>1KPn#}nJKami^@I$\0\0	\'ZHNF<?/^jX|5Ӿ\"_ۄiuoꗉ4\r)?,p\0$*2,aIzmndQYԫ_j\Z=ő\nrC}W*\r.[TRaԱq3RHT4V[v+ŷֆ,kBW IC4P}-RkS*&n\"1\"\r#կO]-R<[gպf`0\00`I_B{\nꗚmiSXȳAum!XH*H8 EBc$@T=M[҄b,iw,v?S{Lޯźamu?w<o#\"\"XB&֑U\0?k^\0E>$zsEJ   XJ#<R@7m(	Z(BqQ=3ց)wqPj*(xpiL>iH9\'d_bp+U\'9fC9KI<=k1\'OC]]5zSLsO[\\FzubDlH\'\0M@[1Jr7Mqk񧆢խeX	ɮqE`*:rFOZ=3iR%|Wtkk86\0a^\0<ojHV4t⾦yB4Q7tzpF8[[Er}1R d)\':j>{/QlʌY76\0zcY]\r$0GI!@b.au]5MVpTbv\ZH\"T`O5qC\rxU圹肠KYa8IISr0#ǵOEfI}\0 ρ_+b%X~`jy)eX]ێOͿ_|;su$1NI%BJ\"v,+{k];YԠѥdZOI\n.Z܍9\np\n#K	WŞ dQZtKgmtw,*CIS^wb\"$^2:iђowfocC1xnI<GNc&k{X2EIIf7w}RhZ汧-S[ⷞ9=ʿxB+?SMAc]5Bdo)q9MOG$b?PmExA&QM4ΥA	ƿ1ʸMVntnޭ+Eh?б.\Z$J5KKv×-eu.xw\'ufCQ>/,*\n>W7P;\"Yc+2^i\03j Ek%~Í\':Ivwn<[uך3%ˤ(2ĀO\\/3|?KiжA:P:z@)ˤ\rŵkiXsԀs|Xi+ă$n\nT\'Ӛr~ cYZ3۲ya8j(Y?Dzu^Hu.ޘ]r3Kw}\\g|&|.Ӭ$IDXC:g=^.8_BJjo	TS8~iZ_ojMhҢS!&{c5aȪqF1}j7\' dpqQ\\ּ1ڛwP{2aĀp^Mf	=K@ɧa	@M@j׼*~zoh(j	?GRD tEr9򬛹8 )$\'[r]hO1ƒۑm[Eo5S=zMzت![e@ڪ$3\")],UGB;ث6WP9nsTT#&)ntvxe5kNWPVrVdE*QE\0QE&?kx\\<?jVVFalIy6Fv?D1)*2Z`2_?b]SUO7w>̾!1he*pd%\ny\nVMbM/3Cb\\I`Pd\'|\'1P~v37K;|^JQ<Klc_%Z΅hՒtܣhfZ޾[dtҕ4ewm5߁+{~Z~Lk4ڭMdhQ_\0uldp\0;00\0ǥ{֫8_Su-cX~>k_JJH\Z	[灕*\nqyiI\ZC4>EŅ2Ϸh/;+:\0\r	t4yg/>Xl5=Wߎ>1x~+jUkxq	Ĉ2wxnfɣXjEX01%\0׶|-~iZ]]Jc!ݘEv !FqӀk_/Io${jӴWwʰXN2\\B(l׶#b԰ݪK獵1Ծ-k]1dv#\0\0?xu\r2IAA]ڽ߳jG4/,}&H|L`+\\\'\'|/m;_j?p\nqUUp\0}3l*hū+$^~wʼZx?y;u/CO$ާJ>&|m<=4Еc(kX5R\0w%}\\$\0HZWGįJ%Cegtl3m%GwLG<\r}$\001_F*[״kjޯZ)\\5NPc|<W!G&۹[OiBc.1@7Xj&,«8@.^OPysrv)`sTݟJN1դQ<yÒ?UGqWێZOsU\\jp)Aӊ\njk `1A*GM<TbRغ+6!xh*W;HnA\'qwz q@c<3y95X[nN2k.<9]M:<V湢jڛwKʓ:SڰKKbWH.\0&c KuZ\ZJaNaP}jfoFQE!Q@*~?+.\06osbs_Ymw%__(Λ6;Xi:^u(Z)xw`1l*~Z.\Zzo2w\'E=ḟ*ĦԣۣNV>	ү+I=w;N#+4MSUx+[2?C~	u?nch\Zc\0f\"ԌJ`I\0Lp}+]}4V\r7 y}K_	AWR\"ڔ<4m`*:VK	\Z]3৅<9|cw$J!!+d-x|,\'\'S$wZe3kGC-i+z_zgP\'GڠO*pz9%׬5|C*:$z}P+F\0\0{\0Ojg*XxI\r>մǎ t)\\q\09?wy{{:81ڽ*+);%鷪c%KYE]v1Z	)?ZNf+Wrd2;;\n U3Ud1ҿnJ͖b;*}09汦\nD6J.X62HD5ҘXwrnk\'c\\\'5y?;%{o 3Q[27~tqZ9K5\"=jw#Ұs*75\rXw7:zTj~)C<c$F9jYҫGojd.|ըIag[ߊ9Z-7Qq\\X\'׭uO$?\ZȽ3洃ɊRF@8k~/|POi	]/$,T/>Ǌ㇏``+H9N[^/vF+2p#kS$P_#cLW,\'?=O\'9-Ȯ5c\0WO/43{Q@((|3sUYCwVchԟ\r\\kz?Zzׇ}FM^slRwVS;܄끒\0 reuI?Ϙҏw3|Qi-\Z+6xCG($N׍e#Wxh+/{Onm$$\nq*+-y3_˃;lPP080[^VդL74kyXCʰ=zA)UJsOG~8ӭMЮ_[^o|\0>ĉ1)evk!avnU[3b\r_n\\l3\'M{d/?<Qm4Z<c*Nc?s6yx>x{\\72iJMaǦFki&-TVh/&\0q8{ViEwn\0ROXia,X4d\n[C`ݗsXN}}-\0ծ!Ϳh4Es)SE.=I+u\0YYϷU|byX?Nq__\03>$Zu}J|xcROCھׇԤ|M6w8nt*FTI|#cjpsG3j\0~z7g3X&y5;ϯf]7LVS&STa@9϶iҝ:Ui&*@vrí1{Tw=i61ȭH1݌һ8b\\W\0g)-nF2N:QCh)#s;srµcPֹkLu Vյ0On.,q5XMi}))?i5n\"2HNXw=sjvМƖm,[|T1@0:\Z[=7<ΐ$F%{u\'º:w#=+\\S?Z_mou%yȯ~\\W<Lmh>=)hGW 瞸Y1ۚBix`RRd))	QuiwZ{oigb%Y\n=~v|o\0xX|CW,%k;,+py,r#|[Q98{vF<#\0i/ڛ*e\0\0MǊ??=\Z#~^KX/f76qz$y_?>	hJ}vZHbCˇCݎIy\0ڂJZJ(Sc?{\n\'=3:T\'~r\0-CTV~wNއl-y=gr&W)\rhªזU\'0D~Y჆S+˿cB־*`.I@#skxg->zsZj*\0ٞu IqO	W.%nއ,M\Z]nߥ\0S5|xLxNTzQۂ6pr2q_:|W<Zi6GyO9$-|\"\0\Zݴw>TH&M|AJ=WZú|Ժ;M)X9Pwߥ}^Wǖ媖~o[\'oӮ1:ϖ:5k;]+ye;Y-A,r5<r1=P;9Gω~\ZX^];t(h6AA,дxDZREhC2ܶHp\'^lj^!4-kRYE -l ?Z{H}\'vn,xT*\0/ُ=9j^\Z|ȸ,\r\0-b9## pO.W~>$#I\rti\Z}Sї+eH$wg+uNæ>TE5ՙ%=	ĩsG_q_wc7wVt~y%Nz;c	$jI?s(K߇]e4K)ZӜ\0v\ZhIpEV-y̠t	,T[؋&r	$1\nl`8g+x?z/a(p;J>`S88!?*Ų \0TQp\nb2yDVG+*kK`yf%@qZ(zZmlsH:4ZP\0*l>\r\\ORv\0;;3WJ#z_:oM{kqs\Z\0\'`[$i6I<}k+YeW\0|m[Q&y}A5f<<M^Cʊ(GN4nq?l)gxv`Igl.$X4+EWl|?\\:\ZvlY\0{G­6Eus\\+t\"L=<˂6(\0ws<6Eޟ|Z5, \nHnoz\0\"՚|E}[6ә.xg+S\0ɩ⠢ݣ<	Y|Hshz>nEk8UI$y$9_~r~#srQ{yGG\nAzpG͔WS$jUE){Z\03اcRtcUk=Uko?[Ᏽj0#:_we+Xg/?oxZ\ZVu=Ԏf}vN	=_/XGZVo}/oDjίKlek{Ğ ݎssiv\\eSZ⟉(~V\\^A|#v(V3^0zvp{-<15S[4QEugK_)c?j>T\rltfW\r_|-~Nf횈0yCs_QM6o߉K_\Z]ۭwh_Z;ǚ=\Z-gú..qz_Uu>*&-vEfI=[F[+b8QӦs_߲þ7ß-ο!Xa֠\0< 	>6eCʼlH#WBE/8 MfzS}A5sz\ryKX`HcjՇSАX۴c\nl;\089]\r\0(v4:f\ZX)\Z˚ऊr|48<ajAV1yLO\\ғLyO\0=+SGF$c&<}f1_x]Lc&\\aIg\"ּCF|c|M-r +AHN)k_)O^|4VU-\rںpnHT8(_y?	5^W,l[An{9dmķ<4HGlORz$+f9%I4`QE\0Q]_~j~=ԅ{-k*aBGhf	_^8l4-_G;ig>sM<\ZA^ٯUlơGJG,~c]м_Mts#t_W%g\0x[M;ۖ۠k3|sqrv?f\'U8Ny4}}\Zo_En\0\0n5۱[I5@\rơpsyiE-a~+-kt>u>iPo-	ni瑀Ĝ0>x=<S\'&[ù?|4)v}zIŜ(	C;#-*x~N\Z	!fk<iEjڴà43y=?:jKFvnI׻ʳjRWqo1en6r>#\0.fXօ|2HCӈ2/#2J:\Z<;Gľ=,+eC7O=n%u`Iyqj{B_,3\rkFu[M[B=F{}+!u HO\\炾)x≏EVkܘXR7$A~sjVvNt[ydV8.(ǿZ()ӫ|´~nm[Yahh蚳U\"[[Seuhm\"~cQeYz<t#<B\nr._kҾh4\r&vЬQ3\\\0=q˟JJJ`3J?9+*jԦi\'Xn-8P+F3sJ__5srE{\0ִrr(3zw۷xa$Wx,m}%V]W8ż&66{7|=mKiuxz$gkT|v?M#StmCO%*02QS3_\0Joچ~55DZV\'췠1$\nxꌀ;b֥^-̇Qn 8ɩ\00hlj-i`]=\0kb4+50)H qP&JI\\&#Y\0&*5[X U]>Յ4]ɴq[HU$HZޛɚG?\'Or4G<kx÷%ՍKöd#<k+T#A:\0}<)Bj`Ts֝E=SᏂ5Kgws38ܐ+;U?7\\Iv뜈ԟ1(U+1O	9v\\^\0>[t¿\ZQL+ntж<ϿkU:]1P%տCW{KZK#<}{~\"(cXCS=X5T]iF$vv\0wOjzηss>͇Y_EJtjgܱ(\0#¶̺4r\\ؚZi+}sľ Kxfk8,??>\Z)mVY@aU_5iwk:5ݬq>\0F8sJnrZ^ߩxyA>^ҽV[&߫i+%kZ>ЯhaiS3+R.d1\"^ʣuŴ70IѬH\n`}q^s\n\Zi=9J\0@\nʼ3٭lC͸*x\ZPm;۳gƴWGZ˟eGy;Wm\0g\0M߼-\0f\\lvyIZN}d\0H\n+#A53/!<xvڜ=hxA?MO\0m>5F1e$09un95KFߵ43^\'/	#qU;VGEqbsܷM	4?F>lscIYS^8)\0k;\\Gu#Zk/gi\ZF9?}KЯ$r!>dm힣s^!_	j.jFQU=w&W}Ar匿\Zϟ=8(۬RvIy;:1v˵G?ֳ~*9iftRrZoV_O~C9⽟zޡxpG\röKLwLp|G=;\0Y?9]G\'nˣ{$=i+б]YŨߺ1_KJ~\nvq_b\'Rvhh\Z\0?X^RKk\Z)Q+/^>O\0x:ޝEask+M3~o=1(.cݴ{yVKq~+ 㡫[l:֮F͢xt\nbϵIX7vc\'pKN*C2B# >aϽNcjb#.or$qqM:U4Ǖ8sjοT$t$ި^X\\>RRW:z(^z2?~2_9rm\rS9;E|7_R\0N <~c<\r!\nGZ\0(\0nu,֓9SFM)+=)ԝR[5G|=de[]pG(	Cz\r|G[ܿpGWuKeE|;\"sϒk\0d!7C??RzsYs|^>loxCU\réKn\"_U{m=kk9b`H`zc}ŐˤDm1ʗ?I03JxcܪZ\'>~wbXe>Z_e%?tXe0ҖQ[Qո7K];鍊1Rg?y3|v&{8ʏG+e>2x:} :YV2niJWGKK/\'YI\'Gj$\\,8״z?ƪ\\|NIxNK5p8s;+xKŤvR^+_c\n˻$\rX?o\'?uqzQ\0\\EQ;vq<%p?!3\ZOvU!׭Οu̈5L\"Zn+4u3>L&\"h7&id-\r]Ti ([~kOM\\ 	JHԃZc(Ra熮	hJɨ(*(4vkg/mtAbT]}G_ʬ|M+eHl.\0ݏ~LŘIcԚO\rB:kVُL2s,$=GJU%ߧVs#c<iQ_F~MWkn؄{p\\>O_D~|GwkƉ4VI^Tg0] c\0CG&JD4{5-*<SF*è ֕If4MMaaZSޝR\n	av~܊iu\'mKj8>JAJrN]5\rhucW73$Q\"w\'\0X\\p\0hVv??u8b.>q#:.i\0,\0?.3joinOg6U4\'R@c9;c\0xhEPEPEP^O\0|s/}?n{WQ\\،5T=x/3,fWYb0U\\%?wGWJW$eoPZw\Zh{J%& Lz0ּe$h2 K\0u-cCV\0ncC_+ez~t\',/P\r>\0&<iwfcu@v_\0,mAu(F\"Gn\0/	#i/TzVTl,q+%:\\{C\rru_u`-x.\'Zlem~G]Ocr<Fvr2GjkJhH*8m[H##3|]w[6s]:|Mw	v_J-^4k1x7OVe=8~o\0hYל3yMv16:jvmj.(KKu8sጯ5&5ۻv{=5W:yh,a^Sk/69%eS(_Ek\'G9Q#X;Af{~uQ*6bUvTV{.M7(3`(\0Y}:mLJYZ|\'𙦴u9÷ƭjT$Xz\0\0߶|> \0ڴz+S;MbH3#݁`lE2U	6 ݷx	탞;	_\0ƖŞajCvG1\0~=Ңzu[RUBGYWRv9ӱ`d$*7ҵ\n0j֠@Sܯ=Y螦\nڕT`4YiT%<R48qS`9jȐ*gFBa^Io¢d8?J9n\'_\0XϏ^K|9n$&;	$e#aM~Ͻ~MkV/3^$M\0\ry`fV x9aK+[Uvމ#b#3A`n4\r&?kPE{k#ri5}W.gi4ŜGr|i9vǗņ\n}I~eM5<RzvJX~͸Ԯ쭯v7~G[}>P?=Oo-ȧ 5%\0ZAyaNrHkL%l:R\ZN_B?iFkO?:nHFOLn=m:x/Ú{_[y/KHɿs {bBxX~җ*\ZΧyeQ]\0QE\0QEwM.Sá\07C֣LvvUW#G>)ϱ<q;_ˣGx\ru7ٷt\0C\\Z̗&Ļ͟LVkyCP~Wk]Ef̄qG\\J\'	T\\>xL<~KYE߆H~ŷΌnU~V/ok񧎮Q1C)b.ާڳK⋟|l5[P·?b5N3\0f勒M(P\'c\r/\"kWrŅ`G!w(3_I\0/>7ZŮ3xsAKɣ&k\0L_黚cCw?-6:qx6pN(#U\nT\0t=#o	\0/벼5cN+{.GȺoៅS[\ZZq%\0Sgy|m\03E}xi.`bT|dc9kf[ܛV2ݙ]8>W+/GJBݰg	|u\rk⇃Ǟ	^;ۯxegnɣ 2а~jism%~}>WtxKHu晪Zwo4NYr9A~wEDFjjB3M;\r;+Zow(yGJF2ָU%#8yVBWcR=qUn%\\,j5Ւ{~TVc~p~X~i\\3y3}ky!&yesE\0\'\0	?gׅ-T8t_i8+?s\0g<n/BDMy!GMf{x2Yb\"ܹ39噘zޘ=+i>77`,s]]>p̮9\nۤH޿;֟7Fݡt%_[-ܞGnM79Q_C|G#H%|{yˆk%Yl{ܴg|PՅs\0rIk	>eXeĲwzW|=t?w\ZvD뤅j\0(\0A_9>a~|SC\'\nMj|=n\\\"\0,II:SHǆ=^Sѵ8q72ҿnأZ|xfIu\0j95BcEG#{|EPEPEPFxPEPEP_\n0L2Bt6S#~\0WO	wZmDr0_6Z]\nXz\0kCpPv1Wih2Zu͌\Zem=?/\\wtܜtx{O4ȯؖk{UЏ AWlv~)|7MG=߈/hSF:ez?ębxUźe\0.֝3EG\0v\0׈6c=yzg-u:;KıOI#:иֿY\n>eĿyNB;֒?[Иz2vqo.S9|?K_J-gU71n@Q~U|7^_OK{?jZ\Z׋6nom6s&Q*777\'8=JQ.m<SDw+޿~#x]76}Uu)AAG8qW\n!kt\ZV|n[Kn[A!\07r䎵OF0YSS	^U ǩCEy/K/<\'~yL#Es&w@5Z+aĊJ|rvXA,*3OT;4QUN<Zn Z>>$WWr*&UrZ^cJLӭH`m49&\0S%q-\'J$s~\'X2<`zjU\r,}rZu\Zل0y4ֽ޿5oS\"l_ٗo\\Gc_283[l<*ͦ=FjdcſFUby?־\"YN/\\ϩ\\%<%6dw?ܬ\'_5|BBX\\,AT~(i崦s};}5~\"i+d<9x6ϩ9WCC;N;RN|6wR);ɟP\02g7Gugģ^7X@Ymͼ9ow}YbbTUU:\0;ح:iASQLrmZQᯍ\0ռ9u-Qdp6#ou8!C쨠duPKKn*;dA}E !I!ˎEg\"Lrx r?)#ݐpq9{:(\n(\n(\n(\n(=?~ϩܥk־lLaT>FqqW7Nۥ1FtR`魦IQ\"kwĔ-KdMgK4g+2\r=AZAٗx$cU䌒zt4NǁQum&ğV+kG-_3[y\0?g\n9;3TFu˛-nd;dO7Y*F8~q|FuMCm|MexONHKzP\0.C|p4m0\"6}ø|l^\"?KM_>&+a$՟]^sNߑڛ^};T\\Cb\\N쁌9^Q஧-nDq6JJZ<E<U==1^7}_ğ\nsIt[	(Ԑ\nD`DYn䕴V\'ye#}@9Ԁ1_:t00jsRR޽OX2I\Z)h\0޷`=\\\Z6Jl/=R۷Z|3xvY,#iul^χ-ֺ?GmX!P?Ӧ@kxÑ1p\'˖wWkg/]Nǚ6{Y-m,|w\0<qI\Z9a;d.2*Fx<cH?oڇ}Fnno40$3*N	߁V;-\"f\n̐|ˑpIzu\r~(\\mK\"վbvOI@#$2lbҌNr^\0Kpj^\0=KcH]?\Z-7W+% 0WbwW٦>S#9/߿SBڤRIO`gw˃Ju\'5㷎Uy4$N߆oko\Z]E]\0fBiKgd֮dI(BQm?Í+\r$C!LuN9<jR9yѢd@!|~&uJORM\Z^R?-@+cɔtbٟ@q_ j$׮4{*NǜSn<?}>SOKztR6U86c;יxÑx)}CPv/bRͳӒrrp=_dXJJWo;6mD~ma㌌*rە.fO3$Wx]K[k]ç3	#Aw=)	^0FkWBZ	9Gc0j\nmY|Q|Tc3ʚI$8(h)ZmyNVhzUKs\'QEHXC#2G~\0M_/,|/co[ˌ]4C);x{GkVߴv7,e֔鶶EĳbH+@E\0QE\0QE\0QE\0QE\0W㥗~\\9[\\@&dTcї?E@j\0~3X}M5\"Wl\"Ħ@	FLrA4Ɲݨ\0p23Sws\\힭mYwes$ExCѕ qSl>AqOygZK sǭN|N6֛	LiEzMeN8t	t?^ۘIX `]\0}/H\Zq}7zg\nH<jv|,9Kh/;d_??\r, +2d F$`GST#f0)̪GZ꒕Ys}$\\>	I7Mq@z}lךiHaye\n@,s}-gLQ_>|PwЀS߂x}MJXݜY\n8-yi\0\'JA|lI\'Ur$9!FG53A`}ۼ5Tc\\ͽԲ6dTp@!Z%xJ.?WvTtʮ@93S`Wj[mY?zK Aj*K߽zG45.%ڄVpTrKdej:\nF@I7\0Z#Öz>\rMkU*5=Oj\'a=Mp5,8랕KQ^7gfC\'JkbK[^RW`N*O_>A_\0z7+T<|0q(\0[_?p,?u&R!;vl@z+	=G߲WvKƨr*kM:V=+\Z5\nq44-HDIִl3YgDy1bkRumԻEW1Wxw}Z|HvԚXu@|MD\0K	\068Igv\n	fc~	\0N~-x\'-.=A[}2I{=P!EHR=P:E8IY+\r_\0dxU$2+jtj u*CNEg\'divy?1M$qZo.\'<u+~>^>)5}oKgwB͝BmsW~xRAp#*XW~O~?/4ki7	Ք\nBE$|QEf:]ηqo.KxP]FI\0rG$*Miu-701Iuv`r)?~>|;A[aZ()3277sǘp8n/qs\0i/k@lu{9UbbꍒTqN\08Ͻt$N;(=OP9I~iExB^{\Za=}HVPk\nxmB]S@@Z`f;U!\ZjJύ?ŷm5SMB!&3q8\';[<9H/~OϤieu[j{yg:䜎zG?V4᲏wcu2HQWlg*ŗ$[GK> y>[K&+Wg=-=w__jڝ؝/exUוa6222pE~WS-<>6_=gCN5:fݬwXd29Onkμa#kw5?}\\Q\nc\"1<	ʜ8^8>Ґ\0lY1\"0m)P޼uIƲsקZWD|?lkOWc?0x@3cݟL\0߀,x^im_eV,!BN+Rj\ZK=-l^YdGe/\'hb[ ՗\Zd\r\\wuxH6Y}](+`9 wlk*\n?s~#U>e/GCک[P5.c;wzbw\Z+r̗\0椂˗9&oI?wG	8ǥk;1ux3+umI9ֺD1|JLm,˩]HVR{ucF=	5sBa*:7Ћ\'IKG\"QW~9iEsm姿0$`w?5v_<l</ilq3|<<׶?<-\":.PH4㓀W98Vkݾ#^ ̗,3WV\Zn#Bӣ	cYcnGaQ]631hؕ\'85V$MaN()f5*PL!#cr3g_ή\r퇅R]&}Yp̛7`wcֿo\0ࣾ&o?dj[H xw)l@`Bm1\"uK\rJVK@&y+0=tJͲYBQqi\'	J{(ȑ[ ~U`zt[$XB?V}c֞+V6<YuB-|;iCd&#Ij>Z|>.51zA]\0~_*[1W7E۹z~@}5I4wOH!9\'#kˈzTj,г\"9pѓvvFѭu+8\nG%9d5h.T38aGc+G#c=ֺeJZ6VaSwLj.lIxSPQ)oGޢtTj)ydb\Zy2f\'Aiͩdݿ:xI|ў0mJ\0RڣjQG\r7y\"^20zp_\0o_Em m|h<#lMipWz&<mo[};-úFdeݻa  W\ZnSC t<15]xx|2c^JG4c`p3cqMHl\\UrU8`Oj?he>͢xEHg!Yc,:6F\0쫨ygkadip&;G\n6eJ\Z0!:D-N;+Sx)/>ӇVOP+|Ox]OJ<A7 ~̧p7#\0Zw4鏔&HocmBH1{Ɵ^kD-ѢwYle	$⦉7e5GXddIR99<O\n~u\\R\Z?}MQs%.ox:͍p\r)n2c9sSҾZyom\\\n(`۾Ol(k/x4_ZI:xe!a,4HPK}xN@0ƥGk~ic3:K~gӿwű&ws5~s$Fs_AXiFs_Ť4}@k-\"Q$bv(I;B\nY/WRO\ZM2,7) 88>i.`p}\ro9\0Oz&P	4]2N8w=;>1\0W~YYs	ߐQ9c@7]Y>9] A^8\"9 p\ZLv@xE֬u;{Qs=A\"`:#3=3^}>C͆nG	V\'ԑrlE*TPP䝛c#VT_|~Y5J{0F<*\"rY`wOofbaT#Q׮d\"bRv$3t\0_mXկ-M<Iݑ,_йUG	My?k|T_\0QE4bEPEi<x[K]\'IW`Q8\0}?9ǨjkkׇpGeIJrFH\r~Tk^\'}rO5l(JFAO/_|Q]Or]4FFBd`$\0+=qZ颤[	&~UNS\r^]1Tq0qp)9+ЌVFMI;Qv3%I-Ҕ)l	_MFQmgPI[ą{VMJcNl\0oA|t:]k%͡7kO@ǯaZ|?X:btDs^G#_Fԋ[F	(HW<Tuc79-d&i\n\rG$Ap0\nw&;,7\'Z;j}{<nR\ne#YWE\n[!0}!TC|W\'H`I$#\'ۘs<q$pw+\0}}|MZ-P6`I.H+lq8JzA2X۶8.?/Goϊ2\\d4RI]̱318I\'̑NWZM\nCᮣxJÞ8KMb]Mr28_~\\\\$$FLTAs^/\0jPm:hQbEa{+>b~ׇ6ol74nNMyθoE	W\"sK1VcUփ3)\"IS\"c9Q:2)	JRZno1|=񞣯Aiǀ|e\'|A@An@ϕ@1M}t8KOvh隍P8pTcA+0T4v{>ϣ^0X*~_<_4GR{4YtM3Z0K&Oѩ!?[_^k?vj~Q++({+++22Xt\0t_Yqkb\nt}¼R𾛦\'--D}Mfۓٙ(lFXiUȶݵ\03:3UU<V~MwZ+Ot|C=VY\Zu(\\IԞ\0\03_?w{ߋky%ONc~scqahcawΊP}2`_\0E$ePlWN]z*Mux.gZ׳{+sqʳoo1<q2-RU\Zwfdr\0U>i@_0xTUޅ7)	\Z䅏g=6\0k?hO]%hƌX @V*yс5OƗi II$F%ך_}붯\ZpT{o	Mluݶ\"(W/&Om\'\n~//=Ow3\0|k2y)F=Z\\%.J*uH}+rz@sKH,	=vWR$]OVH+g*6\0~Uݏc_\Z޵e\"Tnc{N(K;\0	\'7ž7[[Ęm#!_cC;V!=\\V*;$3]Vh\"r(8({T+G~2YA	 ȄlzV&@ЀEKyfB@Q\0\n_XyE X!cWYAs4,Qgv+FpMrԊ4d\0D?J<هr[\0}k}VTt,M\r7ZU\"eiZYZb>byd=^*ϊSY,׭GX\0Xr2:W6<Wa]m}d\'G\"辧UsD|·._E,Z-nsZv6Ow3NYļaiqp+}}\\݁iNy>߅tєoec;A{hyr*klgSВ`/)ppdHϯֵ\0H%Լ3\0|Tݴ9+UugR?\ZuAO?J[GR	$ۘzxs\'sHI~3>2_^Yswدbeo_湛u,\0&Þw~A*_6Gy#*ջΘr})\0\rQnQVb1-dw.>Z75JA	<S=O)\\ڧĞ5>klZ>Y]7Tȟ\"ռ9gb`@/#a4jqֿGkx:׉ɥhMȣRvIZ\0q4/\Z@,KiiaW,R)J\03ңFx|jk|Ku=8^JNߊ/x>3Y.KnE_pT3yo\r\0Ce6cguewh{;w#FC(X\n_;ۭ!|Q[+mF$2wГӥg|Jed|ʎ\r]ݥծm|wK}{%\n\ri\roIL[`;y\n:,A5П$dM~H|	\0h7\05\\-Yv!1\'%˵WaNe_B:^Aҿzbaǩ~\'<5YRC{E~Zk)Om8@rzF>?\Z3\0ñO9\rgi>8ܷvh7ec\\<3~Pd8u>i{f]Y>Y=?!56MjZN׵f爏i%W~wh~~R?d%eF?kݫ&#6M\\eabcd?Ns_]Y^@3r62J凍\\`\\q^ȨdSFjdB:TkrM!A5Ihhu\rYxLu\ZNOa\Zlzof=ԸU6pq_LE~6ڛ]@MPM%e\0z_1:{WͰeva曱2Hpq]@Awuig˰\0-#usZ@tA>Vjje\r)I{Fgi{\ndeA{p[Unw>`+֦Ǳ\0P\n8s~!I%$vg\nǟ^L	$I9&4QH@\0M+C|d޼r|6V<Աah\ZmR}XꚔ-kEjw}!~#e/!`XI#!N0P	,@q^tvZtHu|UFXpd>\"T{\ngmǋT?l/\n/cg?~t__ٗfvd%~o\"I6@?yOR_,y-JO<G@qlV<_>X$#\\#ӽzXw9&C.@Om}8iUF?q, uvm5dj講\\\\>rT&/P_63],1ߠGB$lQԆVS=}@_!`sk\r~l7gnAWw⟛\0	[UMz3gv)Ø[zp~t~ q9HQR4qǭdͬR$~5 LU\\8bl9A\'N9SJ6\0v>]7;^#~2m	34D\nA⾐?\0ǣMhfA\r2v|uzwNҴsVf:o`\'0ekO9W\nr	l`_q=ksz}-J]y}z;:t4r>VP+C<hH~]f)d\0oF	qj\Zвj\0>Y%.q:mʹS/MWYլtHin|88,H=8cW*qoͽZ^Xy\'nۯϭg-N$QSm> z8|$ƫz\0vgG>7	XSIC4:nQAK]%vJ}M{_r^?\nIhKHU#}:#=0kP֟++IޣI${\0>+*g+⟎:Sд#ǥ~^gxdj:}W3G+::]x\0ƺ{4\Z&5GU2vV޸9~5<cI1Wo虝Hb0זnO?Kx#VtAPne\n2۹H#-xKiw\nK\"i ~=c$zDN4vXʎN	W߰H<E/JjDxsE\".\\v+ץ~WuUOi)FT֏ٳ&\ro!NZSd8&S%%8s_IYcG2rq-<[|\0YYVܟ$]D\'h$\03\rkk(5\r3¤z\0$o}ҩ\'d~nK4<eF.ǖbrO\'5G0zdw*?H\0קBHηGހ(NGWai!;RI\'5((]:`Er@:שJ	p!gv<OJUO88^M\\E\\碌4M4sf&vP~<$my\'OvoSZ2НI ZGĳ/Y=ǿpׅor\'L#Ֆ6Yԭl,{۩V!ev!UG$__>{!B}R܃t>G\'Q_?J_ٺOxڽ4\'+̃bVk Aiǩ,Y=ZOui4	[LW6011=}_Y2H3X_i>xʟjKI~dAvjmF9x-zֿ|9|\'Bm[Ib	\rZķF\Z]j-Glm98O=5e89\0=kѮyN洭zˇ1#5k\n~RNkaBI&f7qz֮*¹纪\0<Z؏ 	/\r>U9H8t5d{Yh*0eu8 Wa}N/:Zr2+m\rV?_<|mu&[\'hx+ڬoRGҼdνr(I\n(<\'ԵkćM5;m7\\lOm\",sef_+|C~1_:m-]gs6pUk+R2\n覥67o2IQXF;qZuxwX>u֒nZNahW_2&EE[r>$X^(+(yV>\"0te\'~nl(A⯇\nlt\"\"\ZeR4)<DfFF%]|`mCD˂m-8-PF\02\0y$WCxClY}OGi>JIV0S.H%zgmׅ\Z5h\r\"F&<2!ABJVis_쬷Vv~\'\r^H6qO;_>0\\EwđOujl2g\"!F	u__Ovg#[E_\"MoU ye=#eǽ|9n*\\Ua_ݣI$g#;8\'ki[YF\"a08TQ\0WBX&hos<ҩ-*N_?6\n||i./bFD\0ubO.O}V->;[tU|v\\\n1kV#~.:`Ӯ#TG-B! `p\Z\0gM2<)kyEZ\0̹R¤nR6cぞT(a*:5NrvWyM议\0oZ_gYI;$_<84ٯ.Ż^\0@vB%ę~뷚΋a\'-(,I\r$grBzz_ŝ7ĿYiqr[۰`VU9<Տ\0,l\"A\04{xٮ)uvｄBcʩE~b*֩I`)ڔiYRN\'e;dTￖ|fWƛ,r-wQ,Q:PGc8qx][hdV$A\ZiHv`^O]:TSW*%ցJdN;?g℟\0i].oA\r*\05/?l5mbIAsbC}{.qw;nFϫ1M:	FLy%^M$9UqpltJeQ#\0=AvW9ftD\n$л\0ֳt|Tjifu̡|\0G+:=%4j;9o&i&8gl<wU>>OHb2.%O(_B{Êkr`g^vUS6Iv~j\0\Z~!lײ:R~y[G8p;H1P2I?دt?(v\r\09WNTCvQ_\nhftq*@;YI%tƖ@\nn;+T\Z38T:VC2`T2KsUp7	]~{\0`>\0?y|\\m6ʺ~ʗqH=z4xJ=XO:}?)6<PGZ7\'R\Z)1+qW&K_մ-Rfe3̃#`8<5\'b_\Z},>n3Wa]GOƸvzWGT#Xkսqԉc9sU5K){Udu<Ԟ+8Mj(`Wj#c\0WkkT?xΪOSK	:]5.r` \0hr=oxȬ2{O%۾<dSHW~hXU$⼺prvsYAY^%*sV?}7wu9	Śr)3Y;\"I(F\0;J_uYxº4%,my,c7Q%dsuRE\Z3EVszsU[q=*gަAqUʉu-;\0|a0RW*ǎ;0;ӼU}^ek6V&\rNoGO=~xBinIX?#-?EaN{S2`N+0\\5CWwmY;h}}l*jUi+%W_S䯃?Ik!Fh|K3QTg\'쟇|#?~J6wIy&*]rI8U\08mka@\0U\'=+Ư~6sRBlc=+#b~Rnvǧ`bNE|30;FNysXj_Nryygl>i#-^/rVg5Ud|wZoWMvZ\"\r_tZ/<M!\\^4qWЂXu=0OCGLgq)ߎ2+lp@$u\\n	\0u&(擻:XG`5ܘQb{Vm>=k	GLBbIOrkğ^͒Fqa*4Ҫ(1\0׉GD=v\Z<I|GeOҾ𿊾΀9_/23\n0h7бH|FxaqE.s̞#nOi_yfU݌jh>9QzdE8)#`w;pO7A1*px&A9mo!O8^HTydSړVhssX;^ǯ1k/ۻlVZ֟JP2[j2G)eI=z׮Dk?\ZH,ginqy$`\Z\':MZ,Wf|]<1G*aZdnk.+|܉<sU\n+zVoag+_!\0׮\'I- 9	Wpe: F:WjN:W@y sk>\0ukB 䄗Eq\"h?z莏\"̛@sW)M\ndOJtOD<c<;ojK#M1j\nI퓊?[A#kڅˀ\':\nS᧌\Z-܂yfGcС7%\Z?:R+7L\"ta_;$٫Osv\"y(*Vd4j}RqRf-UoY\'^|U-BjVislWKn|\'w:vN+<It1ԫMSҞ!m9}$J\rWK1;?5M]/޾NRKZ=]GJӂ˕TQ+~6|zL`߃^W>K~{K?$\ZNA\'ii\\xߵ7ź!r-`鹇WZY3]ưV\nGW\0&&A3-*:s)#{W&qWic$tVzvLW!\\ӷzyGCp$?zOU`\\r	\'V\0le`z|t߆zp&	AŹ=^e\nO[-YI{:mϻO]{w6Nk9F$8\'\0[CogsĄ@稦|5ux<}j]3=J\\;MdT\0q֩匝䓞+ieאsCZ(#)C }|T)ylAITg<\\6O9͌qV>푚}O{skyqc!0;j;w1[>3m/3H~Pk2mNc\r#5j.GYu8)w7t\nq\run`WϵAϵt7 	ff;\\Bct܏/湽jA1<LVwB7k?am\Zf+-_&uA$rk\"_As>(N]9-]ɯ6]%-Y~[gQ瑊-/R@=8xG!/?v%w\\d5ҽyj;+d WO)Mx~*闠!GLktj	ԩrV(%.Q<T@֗QιF\Z^sђ\n(Dlp+>L:v	qɽ\n(lpwZ|L+\'KJ%R\\\'$fx+]2Gt\0׫ڳIgghrB\n\\~-⹖n1݆Ep?<bu[UNkɗXv!Ooi\rOxYCmhRkASmsA$jѷ3,*yoAP;p>+)PU%5>Bîymm؟~Y\ZrG\"h:6?nO%H$nӓ\'=6b;-\n6K9 `u&FE{#]ݑ8\0xQ5Z2MRXX黰cWV-:,n\02ȣ,ՏsS{#ڶq<L\"R0=}k֧f,XxNͰX\0j+;zՅZ\"\rHmm[R>d5dDbơ@\03Mᡩo̡@:ׯfwr\rBUeC=TWJe$xgҵ$F3_U^ՆH>1s2RPZR۰\0*2}J2%rMZFsRڌpOSxʒH>id$OҞy<1H\nGxkxI^]GÒj1b|1p:9fyRٓSC}.{yJFOPA~F|ִ\'u\\I0è?q\"O4(UUhk9C[6[\0}kHUNVce \\htJN]Cj8k\nQ3^Eoge^5F\0\"MnQtَw;F~#01ٺ s_D}F}Wv?$1kk<azF?KWtL=+|V<?_Ӎ֦!)5uKG$@8^7\"FbIUm;owI(G~Ug4Kx:簉Nx&w6+Z᫋112˦]	#7cOte\Z\\9{<ioۣ2@=$=+ZDӜ׉B*(ϝj}*NE<\ntan52@x.\r8&f^\"0\'ޢ:~Rc4lQVX,|5Иp%0J\ZĻԞucְ5r{ׯ\nv8*Փo^gv$kMGz޿=bG@=}zem6̛ W[,4ߗ\'-Z\\^J!w\'=Nx|o?Gur4\0}x*zOb23;fcI?z|S88NIK	+FspYEϹ\n{#v)]~=t^%\0oOZ7 ,PGJ0q}=IW\\ڄ5!jfbp:Qki5vR4,Oj]?Oob.em\ZA_N3Igt+qJ4S+gnը+=9;9cry ?\n6`k6a!\0>Tidw\'z\nIB*dx:H5RAѝ;sq`XTcxK.rVFG\0~3+3C,M\\5(鰓t590dvT3\0O5*G\n,};R0oE#\'7:LO^^slyPur\r}vC\0Eh*Q{vQ9-O#\Zoo\r.;I\0zGz~ZgÏz\\}2q4b# bF2;05\\EnH\0\0;[aֿu/u5V5>j(__9;x8~fIA-n\Z4c~Ɨ2U\0$-ӬZq(9Go;#,Ò}=jGkE-PNYϫ\0N!/umjP3T$152Xޫ\\vA?[Zd}\0&-Fc@$2١S$y-R͐rrHy =k\'<K-e)&Rgk\rf7y\"4l)iq;6UCkp#5;s\0rqֻ.V603_|]<F\n	?UXZGCxuu۶b^+Sͭq~ZV\'bs_MCRH\'W:.+W?ğjEPw>\0>XD]}#\"L6GZ`My>I$yzwlw\r;90or3Tvd]q8YXm3mKz{b:܍\05LP1ڽ;+#jn#MszFU,N\0ݜ\'?h_b5K:y\"V}nfa+#>-A\0Uk+Iҭ\nAg?:\\\\y557WT(GmR${1bytGi2B\0{FL::qFmjsaY0s[R^y$W\'a|&t\"$[21㯨~uN$\Z\0fKC\\\\J[ݴc\n:w~N|kѠsJT9o|(<`#Su?RXeN>鯺<vS]-n3yshwV1@/uK5y`##*icp򃟻_oְEnbOJ]UUa!Pg+[Fʺgaiy3*3y/_8ŦKsYȯfv0smRc5QՄ&G6=SHԥL!ʞyH?]WS爍8#_:ۢkO<sϰaự-!zn9qS5vdxh4QA@՗~Bxa^|{t^1S䪞ҥvt\r|c5֜;E}fTi\\%ݬeԃr0k|?xtIϥf|pOo-5v[F^G*6yc8.m\ryE72ZW9!3qcqBb:m0N҅A:HֶgsOC^[ˍA\0EE\\~URɗ\' 08EhBqר⤵9yg8<v\"u\0|Xo\0IK.`eю<_/ֿK\0\Z~͋\0lyQd\" z89^MX%V6:+}&$Y6[BCzޖڍ¸9Ib\0qVIg.n1r뚷\'Ȉ#gcDSh<t7IاCj|exS3g5	o4%\\lU>5;HO\"x٣%AB._0P{]>!N$qcMA)I|Z>`Q+-Stϭ!֭#ܮ\0z$Pv8m,,sJx==&f\0HX`dgr(]KDx}-:Xr!]DwɜXcɻ3ZqTm|1{ʃd1N\0@kKPos;OZ[\rxhpɛ],mp#\'Ԏ~^v\"<V֜9P$t⒐OSRaI\'x0=YȩRd`Ljp}vC\"9.I4:O\0Zk5̫лdp\'I!\'5?ew.n.$ZP-\"cI}O>gbᧄ|5[Ǜ[DX_q|8IdU@1j/Ag(pg5G]5>@c^[(J\r$z~&P,\0]|@Mxۥ\01\rWxfT\nr8&yQڽЬS c^NjcRzcjPI\0gaM؆\"jFTo8ZXYky=&UU\'ZhȻշg1o\rҺB8{f5\'GT2n*pz[-9{w#w> @-tZgqlO]*UYMLs?S|Dۏ0۳Gc׊oa3) 8&F\0\nx33j2j7M	-Xǿx\'9dڹi$1wA.P3ƲIGGUØQ&@\0wsZDnU`	$ja_*ݕFIR>:]|ZA\rR0<\\?Ĥz;\rJV?[-\"3u5,Z[QxEtb0H##{J1 F;=MbGOƴq޼b\0>ltjo#g?X[]NVE$=&BW+r9֠\0ҡܣ׵86~	#l u^=}Up<:q6<Xh49s]t4nCc:jfLֽSCv[@\0WVqQ\ZČ ƳKQim=î#ҽ?\rҦ#o˟y\Z]T6]ԪHD_3OtzcG\\Ԥu\\3ŘOKGR.)po\\JMKy\"+!bС8?>Ԑ*p6v^ \nK@1^)|%@p*Q|	W\ZIUʐZ@ pq\Z*iȖZC4xS:9շ	9=W0<dtZZOkBpP25F׸A;KՊJ99{4\ZUY@g{~\0rkƭ>vzkDtWZU~=s\\ߥa5Fh\0zW:fM_SV<u /UR,LU<=+|lP\0Z:dQ<V 8?J\"<OCy\'޹MCRJć${q[B,ʹ_38jýrϧ\\W[zdZ1]qeww)vKc{W3xE$	|X׺p3ӯk׌z\'s!ċl!B\Z\0n2ZKlTJK{k#+esY&\r3|Gsk2ϡ$\r\'?uV<}(pHQfƽW/0b/:|{\0\n*yo 㸫J(CYqVظ_[^IդGtE0pj9mO~S_Fk wo7ģ,v:]˟P\0\'/:3\ZOnfp2q..~5b(#8=Mi%b64gPF\0<	uG?6GA{3`n5qē23Xhj7fX#MqO^x[ipfcSԊcUCfr\\\"4Y?N!93\\?ҳnbs$`}O$lc5?mV?~ ܐǠ^l~-j}\0IpH\'Xl׾whBW}VܶTWL7֔\nGihrI;c^Yj-llpI=7#q\0`\n{ш\"8O2kdp[[eg\Zbp\0]c<c4J%Q9aS\0}~ؗ62|mxw\rȏѼ2(WQe9`A9=j8)`qkoG,NGzmD\\㧱d`\0Vrؠ!cjvk&lbj~z:Z8sJ1rw\Z}HcӃ<DVM߉\06k4\\6H{xV:ƺX늾	#>QK%Ԅ8ϭZѤP$㹬=:R};5ibz֠7kIhKMyvU7,\\ҫ9YI8>;.pH$kF\\W&h&F@rsթXs#y?3R[R2z0$~j~,hh<[ʻ^\rV611\\gM<\0S\\V5,!8hɦwF`5E\0]8	YΓ2U_N!;kw\nM*y~hW_\'g~IewzU[9<:7ϷꥏV>Rd=I@P#g=kHr1޸a\0a5cp5{\'=\nJ(쮵ez\ZÞ<~ﵰ<{dsBy3|IY%zu+\0;^{xII\0JMJ8\r^$?e\nA9k <T2wשi.R?J٧_8%Ho`s]\0ܤV_ƍz<s߅{k]7.L,	$9ɯ[}Qh\'8-zs$@X֟4 PtQPOZV\n}Bkx{GQ8\0*\n_i%j	7IvoZ)U~?U%nuKb\0-=d2cc_ |ChxqZWtJFf(덒=ī|zu4ۯ@l5~:\n\nsڛig/Gm_Gz:w$դ[ٜd3xǭZF\'Z,e9\\|YNI\'wqh\0vT&=@pk)#H=C2\'L3޽OWvG\0`t+xݠ4ٚ՟?\'>,	w4p?Ưd\0v[2ᘣټ(zݚ;Bc̸B0`uk/Iǽe\'Qz]\0$vyf5iGGj9Sln]75xF3C=&|?_hv6yT.-1URݏvL\0\ZO9壹ZGpʏrA5Q\0ۇ\r;X.EE)d\Z_]~-\06X1k_؞3{-c*\0e2Yw snk \rDg\rF{W~	T՟?ro??=Dc85ǉ$zJH#<WQ-LLbj^0r\\56,JlʹʡSǥ}e*1\r溜Pn34ryp\'+Ҽ\"\"朹)ǞVHis;-KMf!_&M kZ_7JYJ5AmI\\\ZE,\'BkҬh\n&;+ǩ{@ѾZz,qn+aB*^6>\0\"u(]\Z_CJm?L\'&Wo_Eᆕ%˷L\0q\0]W6a=*?!_qMN8kJ4ٔwW~2!_\'&	=kB	s[z1.#9עYjagsgw,	rq]Np\0+ҭ@@@56Ңrt{4T;U8@\\C\0vW:r]*8s\03xݜԗQ!\\uV28g@#qY sP)Y\0<Eh\\A(}y2IjK,ϥaY%f]/GvҾ?DC2֠^Po_ 1RQg|6).2J˹c{\\<s\\Mecڜz*7Cg#ڹY圌a:[--8A\'f{=U|kO	i|B5-.2LÝ?H_6(.Ms~~>נ/ip0	T!# MeͮGᵞg<?>%QE%J;|O@խͶF{0 MFg1]A@f`C\\*V *L\\Dk2l5)1r+ֽwυ<}orXM<Ai}\ng~:+\01FOҬ57!l^O;O2taj\nӣ\ZH:jpm*Xʹu9=*ͽg}Cl̒9	}@RXL	h?;`$id߼7LVSQd򾅟t>PA~2\\9\"e<K\Zx\0:\0Vv>,.inWUkd_>g{AO6lSmsW;}FWwdYcӾ+E _@os~s_kjX3;*2kjqcdeqiJde\'dg_*$9ZW&34L86\'mR*ߋ各ҕeX\0@8oҾ\nz׃z[MG\rC6fl;} =;VZ79kjfX| +1V֠\0>hpqM17W &{55 q=)m3zo%耜\0z]x tIm\"Ƞ09[vB:nHn	)sYv>Ik:+q\"pkrGj[qNc/ZL:qZ sЊ̶x\n8\'ƥqUU9#j,Z÷\0Q}?jynkSJ5lƼO|:xJܶw皿Y^\Z>|Ǘ	]+AJigԅz[8@	qSMgj\01uZfs:fm\0?ksxR7\n v+e|39zQ;|-{|(mJ/i%[mLF#3}+8a$a?~K4&H0Gyihڵ՜IF]V+v֤.眤3%}\n{;>l~	MXs8MJ;MYi~.NU7Z\Z8~j^$ZY1M@5~р1_ИlCuv]T~{ʕWN=?J20=+Ѽ![:rDl\0s[n[u|;2[N衆wQZ$c>ڶku\0׵UI=ԫVĶI\0CrzWK@RqJ.׫:>62OuԮRU+\0G$\08/6nM}3ʑد~(j7\0e6|H8k⾦!tbϰ5Q],2Gԑˍqyx5qS,/_ˊ֚Q˫#wMK5:v8OA\\s;-Jӟno3ݤ@\0$gsW\0=ҋ_@d0)ط\0a|#?J>O8+С%Q^E;IF\"L?OZ-Vp㦍Y`=kjܞ㞕dF8[vrvr;4l~fkZMΦ-\"58YNQ1/llsjiW#;3\nʞb\0⳽΋X.ϥ5|H\0D=5HLaxlnTb+-e90E(:LkWc!.}ꬴ\0@ xkQ!15q\\760pbjFOAw£;x6*p%mY]dy<ٙT޵\0k2dlɯ\ZP_8}&yn.6f8<Iϙ,,(P\r}=߳3`׼%+Z)\nȯAO5yjϖ0)b0PX:\07$dQҾMF\r4Ta\\\"\'sw.Ү.b\'ݺ<srFJ9r\0= N&bBpW885帷N^_ÊVť}{U?΢2?JFS%$\'<;)\"\0>A :Wa0<ڵU싐XqZzb(5DN_r5:UZi-R1wg;Z#O/&9Jgk_?\'?1J1U|_fUZX=7J~qAbxM5cbDʩhODnډAع<QU& }j.ʢ4z/XU}FPN8m\\$>oa\n%<+.vTolW`(TknFsUvhƴWv۹L玝kOEld䞼WxwQKDN=GJEHA4-L1]W#r ҽ#Db`9]bB\08x]\0=zv5>3\"L`ջxn%@\0~Gm8\\\n.<^3F2du=+Wq9!0q_l@U;Oc\Zդ$>\\y WA#y^vm<IdDFJHEs@\0ˁ]6k	\0j9n#1qұa9\rErtDph/cH|q\0W9\"`\0ZjoQ:;mgƒ$l`+w䔟}zU=_Ђvɯ8d$ɯOCSϭCKPXg9pfbOsUKarOs׭sZYOOZQqgR5̋3+/\nk0?,d9~5sS\\`lwq^z:C#I	p\0<\Z27m>ޮxM\Z|7.8#[kT\'crr~`Z3=Պ-붲\n\rhvF3nTHrqV)jɧfg<ǉo%%`$)Ã\\.	.ԗCvqIr*\r2x xPF/ه^5Ko	xugaw+|Ycq_Yu8=2UmY>K>]4sytN8\Zoڐv[φĜrj\0*_C<O^gtu\Z䱹x8Ib1MrNsX?ξWZ$ܙ_S;x@1њD^N\0!%cb=kֵ5sT\ru+pZGB\"\nq_Q4-@$|do0ԓkՂQi+>djM\\gDScD{MmowLfI-.DdOu~LAO{+ώ/D>˔U~d>̥\Z.wk<tkE%EgqC{`g59\nOS=0@J|?\Z+[[(-*(8k&	6cu;2?CFyb{V+BqEzU\0;MeI*-\0gvi]Ƶvs]+:]Pqwd{|Q94m9;\\|\0qϥ$מj:ɎLO^j:L3׃s+EqPIj:>u`=tTSncswǃ	2-yGdtq~\'&~Ct؄t9\'Z\\\rG^^ ukĳ]8g!BI#>\Z	^˚>bO\\,W<j:\'q3R\\9Z.S)lxщ]^)?k\"g `sY	HG?\\[5꼲p8V.2:\'08R&	ϭsltI3pFo9yrT55do\Zn>x82ߵ2\\JùeX<m,\nյ\05[9O96Q7?8ǭbYBD밮x#\ZS~>?\nIdsF>IR]A+sM#4CRghb>?硢Ѐ WڟWc,<%Y;Q\r3cIIݷ|Oŋ;PX¬ǥH29TRu!.h\r۩fʱ^8u ,W9%1!][*H$z?|[\0\\\\qwv;$P{g=@onmnQ\"-vVoGӚ(bc	GGө4c:nHo>\'.j\ZT12Q$~]k@_:ROkD/Xx[U4/F2]YX\\$_<6pe,(+\n뛭?ᖂ}|<f(bAԱ_xzҕ5*bUpk[M5,l23T.4mF3ջ匜apx>/\"vu*O۹GazT-Z4RGbBB.@luj͍ƛ\\nln\"&q<fc\0ױ~>;m(SAudQ{J	+*G?)I W؛Z;uYH	$8鞸rOkѼArλ]f״Sԩ :pMNj;>%?bqw{ssy4	ti3ZZƧI\"$rqL%\\pNk~X^j~$?Ĭ;$V3j:8ҬdH7{D\0LWQkoY׵x`S0C|S{SUQU7l`=T\09# י7ڣp$ו.fW\'\ZE*H9aT-.t\\H3#rG>\"yX<xmpNiDl⹥%rYsYƯNk\ZUhc־TڶsqC.\n*˒nsƸn[vV#d@<V\Z)rs*5vz^`<5uXUek7\n\0kS,Hrz+jT=ZqtGr	?SҐ1rA#=A-ڳo5ǝǮk*ӗ*jb#-X$AV\0ny\0޳p}*\\6ؕMzεօ6UԣD$2Oc56_\rA}oe#)X%Gk}k+¶PyYb0)P続\'/SS֌wў5]V(|^MW\'y{b`U/&qK6y[YDr4g`c\03\\l1lt56&l49F?JR*Qw;/d8=g0W2H\'U,W&.pqj:XUY_\0>įeuhdNEu+v#XF\0\0H\0Z_7E>S<u}w\0d#lDU=Xh\'ii,/&\"]S`v842H`\\Oи-.&to3QW|?޿57i@nZD˸gqˎ5~_\n_]ьw\\OlAgxytٍ%B\rt\0_qu+TU%W^|g8(|ـѶ$(9$U7\nYq]O4\0\\Dddgꘙ}^A{Z8\0,9hRA9˜#~nȖ);<#RylH5w:|Okbs1\'cW;#ǵ0$cJnNo{_XocRVX`̠6qgQElrȰ_\"U76EiHq6.đ=]켑?\0-+WF>>?DmdLCi>c(|Ӓ>mZ/x[D0l^[Vo\'4G=AIǯ=k|8久gdc5}m2I9\\ϊũ%H-5v;;eY!c9V|!BC1ڭO׊[啘Q_m9p>nu\ra#BO\\G=w9Md+͂?jĊ<	ukBO1Ijn-;l5u1S## :cE&A	Vpѧ&〉VrVlI2j49\\&y#z\ny\\Fvots󵠭IUd2@\'<\Z\r*99:Ģ)Z>H9SH׽nA[:nL$9q_=S:-LASdB	 皯5њ@\0VRzcҪڽ*\nrg%Gc` h^my2?f4v+x iwM rŇ\0]pg4urڙt\Z֩v\0Wc:Z0c6z֕i\"T#Gq \0VcXT9(8v\'z5	m\0@QXBNOq^čsvBFzrk䰵+͹o_3F8r<{xk>oiBFˁb#t/jVwrXC ꟊ.2\\&eHzeEұIHUAmrqR# q\\3лͶʹ6`U\'?k͊((X.%dFU9WF*\Zc1,IjHXg	l:IaMOֽ73ȪeX:s\"X=zUuaqy#\n)׏-XvwK?!ݔs{\Z^%W \\tvЕe9 f<-IhAra?~zU0اyE]>O(֢CY.A+Ĝ9Rrjc#9mX֡[s7{QVf\'.|?Br\0F;X~D!W4BCH\0;O5&HmtL}!6v1l9y31ҳ-w2͒S$}O9l[FG䘌UJa.Xz3cQ~4NG5Eh)r0#yUNHGKQ\\x@Ӯhh)\"F1jv\0+ٍ0I5xZT+xx4KH@Zkd4X[&H84ͿcvS>\r$\038z>\n3R\"xjpF~h#GLWxWMn:b1XUW>M}lKۜzW>9(5X61ڽ\Zдu0+{XN{&sWW,Q\rU2ŸG9B7K7N@$k*5E#2@S3Q_S&#DI>9D$^Ƃ*\0yJdUvuCQ+|[JퟪPxF#ڠ]bٔVN)9=FE+ΌnA#	d+zTݰ]r}]$fI&XL68MXqSq8x[ oJ\\__h76&)iRvhFIJ\r-NDGҾ>\"1RD!]#dH98<#_\Zd3rx=1\\Mu>	\'접C,]H61`Vk!u&_<a5MסNGjĞ|\'c[#kS{ęMac5\'~MFz=+4RB\Z|?\ZrQHf]b\0ix{LIKm2wb]X޾Z%W3#-jn\Z<\'UNSOo:V9Sk?ŇmO2$!_:.i{$h*Gc}^Y,2ԯ~&65c,aWc_G~.4}cqoe#:WCQ8~|U/0rkg9e-\'\'INr9?1ʽ[W/q|Zy䩉1J_',1),(10,'Vision','\0JFIF\0\0\0\0\0\0\0\0	\Z\Z\Z) &\Z!2-%)+.:. 383,7(-.+\n\n\n\r,& %4,-,,,,,,,,,,,,,4,,,,,,,,,,,,,,,,,,,,,,,,,,,,,,,,,\0\0\0\0\0\0\0\0\0\0\0\0\0\0\0\0\0\0B\0\0\0\0!1AQa\"q2BRbr#3CScs$\0\Z\0\0\0\0\0\0\0\0\0\0\0\0\0\03\0\0\0\0\0\0\0!1AQ\"aq2B#3$R\0\0\0?\0P\0@.m<O[\0:@@@uL2HUF׷~<,I:vE.)Ӕס~G5nhdV<9XUW4j}-Sen\rFD_jKV \0 \0 \0 \0 \0 \0G m&h\Z\'S190?c<D6\\glWxfzL<.9ou=FYF}߼oˑXcޥjm~fQf1Fo<oKԗ,\0 \0$SU2{\0 \0 \0 \'irIFl6\\c\0xbh{zh+m^v&8sw;\\|\n#RPRz[{wΓ6p{6mX9ܭrݨ82{ۧb첫;ek\0@f5vV<Gyܚ@\0@|%a`4q.Zr\\i<wk,lgsfsu]c]ڜlW̐GՐ\0@\0@\Z\'@g<\0g!q^߱*Դ+aG4,6  s**/-d43[_Rk;\\\\HuE8_qR+RnY?iByO23IkN32&%cĖw1R[-\0g.J`[X8˜$1#W5{\0M@h&&>Fo!z6&5{6\nA@~c&sZ	&r:έXRiF.NԷO̑T a*w^&ؐr<UJMiӯא3G\09]]R5*i%24N22KiŁVz|q9ԊRa\0@\0@Xᩔl\r#x\\md-YTp;_7[0p9`\rlA6^~lV:R\ZʇCFwHZ`c)J+gpdUEtot2O`\Z[z{=>Зn=@\\28;3fbhlE`6.d`M`#aE兝zrnn-!,.`8H\ri/-=jV><|ٚ$h[b$Dl4ARlkXx\0Q=:#4h~i#ӄ !k={~8?uOZ)f!4esEl[m:;6.E1Зj5 [KZ#|é4ױƶ*YΤ){rIvwn|D~RUCU:Ѯg7>d<[J\0@\0@ӭk\0Q_z\\̉݌X&~w\\oqT*ewr܈hLDS6ObX\0	.p}pzNt߯O/j55ƻBhmaiѼ)T~s		& FZ k/ǩD\0%otXL~zZ\Z*\\ö#0LF15]vm8(/>Lk!̖*zb+\rR?\":#iSԹVi6`Q78K5`ղG	c{}z./R<29ïfU6Oy\\j)S%Z?w:얚xH,bh;6*cOϹtw=oAi5\ZڙG84\0M9rztuSkfzDhC-$4N7s8&eljf \0 \0 5:[Kض3cȞ>_]\\U3DϻZyMTˇBeSD״\\\">J|WѽEVz׬-6[\'GdAtk^$⛒Iz-y}[XjbdKDU1q>d!Bim=F~txxEw#\\_Rl\r6pk\0h\0Y|3n[aWU>g~b!JNNY0}cH6@wXX18dd=؏gifn>L;e<J-2\0@\0@c%~al\n ykE~V:Q<REū)]k91nWΛrVt}DaZn\0\"EO;)I%=q4R\'H@1@Bn|I8rhkhd.sxl?\'wy2<mMCv\'@$8%ddWAdc]5fvPmfvbOjeIjywИO!~n󵏹AUdQ\r_:)q7#q-6v^KlmjRS=QS;8r7w\0[ҫ\nS̭]PF${bG63͹\'Hd \0 \0 !Ɨp6s۱e|<fv:srxj4eҽ\\6\\*939k4\"L;=qŃ</a$8uk,:~mK[֊\ZZJV1׾\rbTj\n\'{=fn6׾`|z4$L6qxĝwdoSWS9<wV7\'vwy/yU=6EHk6WpH״7iR泊->	[ݕdkgpx_,Lu2HtJk3n.>O#:8;Difd\0@\0@\0@SH])gQx5,=eH	#y#N?ӑ جlv6Z^rvnkkdsؓ,Pi6.ߗFjRI3{as\"spӽ$S0)nW3\\F%0[-PEH;~DWʲGrnylMYXe}\r@l}ۛNOooÇIYkRδܲˋ\'sq|`i&=2ug&cv;5}CNQq.\0@\0@t>i\'82h%Vjpgx|.`ިd4dAˁ\\j68Uۣ߼-rNG$\"cA>gzMKyݚ\ZM$5vo)XƍmLn9qUt5,bk@n\ndX\Zs69Uѥ~\\~|SVEKro_F$k#8o¯iw__Ct9?3WV~&⒭\0+87wo((~cq0|U\'4]޶0\0@J^M\rq _5kRy k\'er>͛\0΅.isMOlV;Wqvf+O.|\0]W9=sz#u-	m#W%5}JHӈlxrD]įǼ>䷳;=?5_zx1r} 9V-[`bj\0i,Y㛯_<fHj7̞=>|>0srߗS[\\lm1266sO#tiy?2%iM\\̧n_0~7\\x+/WS\0o܏S(QV59 H4\0@l:gHT8Sb&.5(I]X7$ܓĕ+h#@yR6h14:Ǩdm!@,bXͤPiMss:׶n<bhJ:%g0mPq?M*\rKj֬6`kV֭<<ob3#fJ*J̘mKIFd\r֘Y)-]l+2* #\"8<rw$emD\rNiyő\"]}E5poi:16;J};#zl62!^^HS(nlT@ Iw O:t˵ikjol\\|6hǱC5󊩛jX|J\Z9Ĭ1aoV!ooq;83V+ 9۹ {цnM8d#K|;\\\Z>\ny\\1+,0rOR©K\Z\Zpr`FA-K!mrdwǉ38|kF-7}#g`\\ҥ׻+*b\'=ٰ:,Zǳ6\0ZyہN5/o#eFpp;i\nJ%,!%%t`;i9J2_dCT>\nQqvfNvdwp\"QTS]$>k$I]BS2Hb\\,M~y/epS\'8\0o;m5nY\Z,z\'C!@}JolcwObWXHr=E@Ku#Zq{{59xNvu[*L7bzH,>ayE\n\\X.,}`ətkǖXu\n^\rΕ1UQݖFnԞ$$*$NnY07O\ra8IU0|gĿtuS+CpaUO?uXW$|^%s57n-2vPM-O}pp0辇7h+_*~Cyo\\JѷszqdAWC86d<O\rr\0v%b\'C_{:a91s-Wd\"Fv:-x4\0[-kR523ӱ\\;?SgeexB}\nyk2<ZOٸIo}^ڒ\'`wM^{/I3sF aK>H\\ws9;#\r3SOթZY?i/ph|MJyI93x\ZFb^:\\1Bۻ\\&y&Puf*U$R#o[8]q)?W꾄Ȼz2i=Z]N.eAZW<WyVnS@ *]frˈM^lO[i<,Rx饭\0E&\Z#]%nܲ9\r 8.tN\n2hZGi]\"WXas(Ty܍M^W!Unh(6\",\0sX%.foB5Í+,MMo\'8{Uj#^\"#4OQ;\"ueU4G}\n2-x|q\'UM!d3tȻoxvpy߱<ܵUN\0@k4	;6uQ4zNFY]Ds7wBT\'д響t\",Vif.U6=΄0=A佞\Z׿(q])vB\0L-.ڈsf\\_߉ssƴ%t$ԝRS2C(?htv7N̏5O4˶ZɕlriX6&.cE8FN6fξkԷ;<QYҒṾ5縅L՚uZW@Gl+af\0um̢\n]<_vWDxqّ:HyQ\n7Mߍ(\\J7~.m[Uˑ6^Co~\nZI|AO\\\0@Z6bkǴ<;pj3S;$ZSKXildwex鳼U\n{KO~cLue<uX@RQ\0@WǦ*I<F&ވmY&j4\0\' ddؿ)q1sZ\0y*6sAZ)\"%چ@ٚ3ߑԫ[,_NR]\nҊ7$T5uc/N37<>k\rb=jzr_KIj7/Rl+x[3Q+xt,%tV\0@Xh#Gǚ㈢p}M,)\0$\nw)bl%rEH0wB\'\09[upc7_TyE>]Wo@z7to<7@TN2׆ጿba_ִ+0ݭ~ܭǟlpMOHyo\0)jy+w_agU4cZЋ((&Ek}3i\'\'~zZ\nkirqg?iwܷ^\rl;:7VT^#oIO\"-^Zĵmpql\'V02pi!JUR{u8bi)ZPLֽp\"TP\0 )%>i#.;Vx8@x8P\'gx۱T̕9aMZp4>Az^\0fC\0mґɥWew=l\Z|ֵ/oFVZ;d$g-)E61N-Zᕶ{?z[Vp6>\nX>ZJ&TD{_ty\r9f[=S8~%Ҫz=INꊷT&hٶF+\0맖ASk&izZm>NvjH,͖6v=.l\'=dG\"Մͮu2L&9gO1dg^z}8e׹ R\0@x{7=Xrw(<B:]VFYfio?S!C\0+}\n\\<SXپS\0@`i(:yj!MZGKIQQ%D8ǩ:\rH1c\r.7&䡓]@Uh\0n%\'ĒPZPI^X|$ojp͇o+,RG\Z.ֱjق=t}c~8:;%pX(ٔ8j\rTgnĬ)YX}\rki/߂\0e߆x_9|{]\0~KbȋB[ɒOQg}鍼\Z7\n<69pRUu<\0@e8pEH<s{[%\'o[og\Z֥AcZ֋\0+\0@UHM-̈́$\0Vwϼ4y<@8s\rZ[\Z[cc׽ɋEQ?$fS㣖7\0m:NQ9edA^%kXf.V]P9q7\07t.ԊF#K>+J<.-HYNS.ʴٞмX,vB|[S[K[`WИԿIs\' 9(IF-}(~OgwB\n+A)fs`5\0 U.eF]֑ol!\\=>Tyζg)]\rB\0 <.p|Vl~+X1\"\0g4fF	/A<AsNEaٶ|Zpx^/O%YGe9fcXZ .axȭuc\'^	X9GLvԻs>#/|mvPcw`=T\'O>ڒQyխj6Q|PVrf\n \0 \0 Hih8#z\"y8,%d\"i\n).d1_̅\'#`h\0\0, vņYeqTo,4֎)+E#jͫEAy;̯K+)e{ObrՉU$e66.\02N}4\rc\Z\Z֋4\r`@\0@\0@\0@PHlt}\\G?OF\ZI&rI\0dz4]>P\rTm#z\0@Dxk&lcşکx|qd3ѣ]7>й׍u;̧kq<<n6;B`UXRsSRSad%k+Z(^xF\0P@{a\0@\0@\0@\0@RIwQ7wjtf08cqNT\0@FT\'p?U_,zbPnes@UtNU2m>Olɶ2?egGGF!qC\0wߙ3Z({_oz٠57\0%ۋF|-$c湤P@\0@\0@\0@qCa5|pA{8E[g$#o{\0 5z_Cahf9bỒVj$mePGmOeo$a2V8!z5C:zgy{OH(\\꾑Tt4I]~E@m\0@\0@\0@ai$H%CfD~轇S}5W<{oa<յ5s8;\\@\0@ߤvRo?2,|pߺu>\'Hl$A8y .t\0@\0@\0@\\XXANMc=ogs@QhlkNxK_qj@\0@Z} 4pE-N;3AM䤚9v#psOPeIQH1Oq@\0@\0@lZL#\03#;m<sdyq.q$rI$I\'y@K;6ԙ4Nvtr\Znu30=Q4\\T6#lqYy̠3\0@\0@hG}kGCлh= <tYUByHl̾C;	V+ƛ(\0 \0 2t~DN,ٳ C7oEݫ}Tj)㈇ƛz5?Ut=7t|d \0 \0 .һ$GF-9%6\r#o\"7\r^{X+s@{[D[MvA\r\02\0@\0@\0@\0@\0@/3M龜$k\rv	2\0 \0 \0',1);
/*!40000 ALTER TABLE `characters` ENABLE KEYS */;
UNLOCK TABLES;

--
-- Table structure for table `questions`
--

DROP TABLE IF EXISTS `questions`;
/*!40101 SET @saved_cs_client     = @@character_set_client */;
/*!40101 SET character_set_client = utf8 */;
CREATE TABLE `questions` (
  `idquestions` int(11) NOT NULL AUTO_INCREMENT,
  `idCategory` int(11) NOT NULL,
  `Question` varchar(150) NOT NULL,
  `Active` tinyint(1) NOT NULL DEFAULT '1',
  PRIMARY KEY (`idquestions`),
  KEY `Category_idx` (`idCategory`),
  CONSTRAINT `Category` FOREIGN KEY (`idCategory`) REFERENCES `categories` (`idcategories`) ON DELETE NO ACTION ON UPDATE NO ACTION
) ENGINE=InnoDB AUTO_INCREMENT=60 DEFAULT CHARSET=utf8;
/*!40101 SET character_set_client = @saved_cs_client */;

--
-- Dumping data for table `questions`
--

LOCK TABLES `questions` WRITE;
/*!40000 ALTER TABLE `questions` DISABLE KEYS */;
INSERT INTO `questions` VALUES (17,1,'Is your character male?',1),(18,1,'Is your character female?',1),(19,2,'Is your character a teenager?',1),(20,2,'Is your character a full grown man?',1),(21,2,'Is your character a child',1),(22,3,'Does your character have a African American origin?',1),(23,3,'Does your character have a Latin origin?',1),(24,3,'Does your character have a white descendancy?',1),(25,3,'Does your character belong to planet Earth?',1),(26,4,'Is your character bald?',1),(27,4,'Does your character have black hair?',1),(28,4,'Does your character have white hair?',1),(29,4,'Does your character have brown hair?',1),(30,4,'Is your character blond?',1),(31,4,'Does your character have red hair?',1),(32,5,'Was your character born on Earth?',1),(33,5,'Did your character belong to the Milky Way galaxy?',1),(34,6,'Was your character born with their powers?',1),(35,6,'Did your characters acquire his/her powers from an experiment?',1),(36,6,'Did your character acquire his powers by accident?',1),(37,6,'Was your character chosen to acquire those powers?',1),(38,7,'Does your character fight bare handed?',1),(39,7,'Does your character use energy projection as his main fighting style?',1),(40,7,'Does your character use any sort of weapons (rope, sword, shield, etc.)?',1),(41,7,'Does your character have mental powers?',1),(42,8,'Does your character belong to the DC Universe?',1),(43,8,'Does your character belong to the Marvel Universe?',1),(44,8,'Does your character belong to the Dark Horse Comics?',1),(45,9,'Has your character ever been married?',1),(46,9,'Has your character ever had children?',1),(47,10,'Can your character fly along with having superspeed?',1),(48,10,'Can your character fly?',1),(49,10,'Can your character run faster than the speed of sound?',1),(50,10,'Does your character perform parkour or use some kind of equipment to move across town?',1),(51,10,'Can your character perform unimaginable jumps?',1),(52,11,'Does your character has more than one powerr?',1),(53,11,'Does your character have super strenght?',1),(54,11,'Can your character use some kind of element (fire, water, air, etc...)',1),(55,11,'Can your character move objects through the use of their powers?',1),(56,11,'Can your character move through objects?',1),(57,11,'Can your  character use magic?',1),(58,11,'Does your character depend on gadgets to fight?',1),(59,12,'Is your character handicapped?',1);
/*!40000 ALTER TABLE `questions` ENABLE KEYS */;
UNLOCK TABLES;
/*!40103 SET TIME_ZONE=@OLD_TIME_ZONE */;

/*!40101 SET SQL_MODE=@OLD_SQL_MODE */;
/*!40014 SET FOREIGN_KEY_CHECKS=@OLD_FOREIGN_KEY_CHECKS */;
/*!40014 SET UNIQUE_CHECKS=@OLD_UNIQUE_CHECKS */;
/*!40101 SET CHARACTER_SET_CLIENT=@OLD_CHARACTER_SET_CLIENT */;
/*!40101 SET CHARACTER_SET_RESULTS=@OLD_CHARACTER_SET_RESULTS */;
/*!40101 SET COLLATION_CONNECTION=@OLD_COLLATION_CONNECTION */;
/*!40111 SET SQL_NOTES=@OLD_SQL_NOTES */;

-- Dump completed on 2015-05-19 20:49:36
